station,year_month,variable,depth_m,observed,reconstruction,observed_source,prediction_source
20s10w,2022-03,temperature,20,25.427059173583984,27.3539906067,artifacts/paper/figures/Figure9_MS3/Figure9_MS3_final_visualization/Figure9_observed_visualization.csv,artifacts/paper/figures/Figure9_MS3/Figure9_MS3_final_visualization/Figure9_prediction_visualization.csv
20s10w,2022-04,temperature,20,24.862001419067383,27.2214818848,artifacts/paper/figures/Figure9_MS3/Figure9_MS3_final_visualization/Figure9_observed_visualization.csv,artifacts/paper/figures/Figure9_MS3/Figure9_MS3_final_visualization/Figure9_prediction_visualization.csv
20s10w,2022-05,temperature,20,23.54096794128418,26.7833350621,artifacts/paper/figures/Figure9_MS3/Figure9_MS3_final_visualization/Figure9_observed_visualization.csv,artifacts/paper/figures/Figure9_MS3/Figure9_MS3_final_visualization/Figure9_prediction_visualization.csv
20s10w,2022-06,temperature,20,22.44466781616211,26.2224540563,artifacts/paper/figures/Figure9_MS3/Figure9_MS3_final_visualization/Figure9_observed_visualization.csv,artifacts/paper/figures/Figure9_MS3/Figure9_MS3_final_visualization/Figure9_prediction_visualization.csv
20s10w,2022-07,temperature,20,21.18387222290039,25.6475633876,artifacts/paper/figures/Figure9_MS3/Figure9_MS3_final_visualization/Figure9_observed_visualization.csv,artifacts/paper/figures/Figure9_MS3/Figure9_MS3_final_visualization/Figure9_prediction_visualization.csv
20s10w,2022-08,temperature,20,20.493873596191406,25.6312345593,artifacts/paper/figures/Figure9_MS3/Figure9_MS3_final_visualization/Figure9_observed_visualization.csv,artifacts/paper/figures/Figure9_MS3/Figure9_MS3_final_visualization/Figure9_prediction_visualization.csv
20s10w,2022-09,temperature,20,20.423336029052734,25.8903355751,artifacts/paper/figures/Figure9_MS3/Figure9_MS3_final_visualization/Figure9_observed_visualization.csv,artifacts/paper/figures/Figure9_MS3/Figure9_MS3_final_visualization/Figure9_prediction_visualization.csv
20s10w,2022-10,temperature,20,20.864839553833008,26.139645154,artifacts/paper/figures/Figure9_MS3/Figure9_MS3_final_visualization/Figure9_observed_visualization.csv,artifacts/paper/figures/Figure9_MS3/Figure9_MS3_final_visualization/Figure9_prediction_visualization.csv
20s10w,2022-11,temperature,20,21.76500129699707,26.2578289071,artifacts/paper/figures/Figure9_MS3/Figure9_MS3_final_visualization/Figure9_observed_visualization.csv,artifacts/paper/figures/Figure9_MS3/Figure9_MS3_final_visualization/Figure9_prediction_visualization.csv
20s10w,2022-12,temperature,20,22.78806495666504,26.5091650341,artifacts/paper/figures/Figure9_MS3/Figure9_MS3_final_visualization/Figure9_observed_visualization.csv,artifacts/paper/figures/Figure9_MS3/Figure9_MS3_final_visualization/Figure9_prediction_visualization.csv
20s10w,2023-01,temperature,20,24.00354766845703,26.8126875998,artifacts/paper/figures/Figure9_MS3/Figure9_MS3_final_visualization/Figure9_observed_visualization.csv,artifacts/paper/figures/Figure9_MS3/Figure9_MS3_final_visualization/Figure9_prediction_visualization.csv
20s10w,2023-02,temperature,20,24.929641723632812,27.10196641,artifacts/paper/figures/Figure9_MS3/Figure9_MS3_final_visualization/Figure9_observed_visualization.csv,artifacts/paper/figures/Figure9_MS3/Figure9_MS3_final_visualization/Figure9_prediction_visualization.csv
20s10w,2022-03,salinity,40,36.658233642578125,36.2304788146,artifacts/paper/figures/Figure9_MS3/Figure9_MS3_final_visualization/Figure9_observed_visualization.csv,artifacts/paper/figures/Figure9_MS3/Figure9_MS3_final_visualization/Figure9_prediction_visualization.csv
20s10w,2022-04,salinity,40,36.64019775390625,36.2141430899,artifacts/paper/figures/Figure9_MS3/Figure9_MS3_final_visualization/Figure9_observed_visualization.csv,artifacts/paper/figures/Figure9_MS3/Figure9_MS3_final_visualization/Figure9_prediction_visualization.csv
20s10w,2022-05,salinity,40,36.4922981262207,36.1688642822,artifacts/paper/figures/Figure9_MS3/Figure9_MS3_final_visualization/Figure9_observed_visualization.csv,artifacts/paper/figures/Figure9_MS3/Figure9_MS3_final_visualization/Figure9_prediction_visualization.csv
20s10w,2022-06,salinity,40,36.52986526489258,36.128328394,artifacts/paper/figures/Figure9_MS3/Figure9_MS3_final_visualization/Figure9_observed_visualization.csv,artifacts/paper/figures/Figure9_MS3/Figure9_MS3_final_visualization/Figure9_prediction_visualization.csv
20s10w,2022-07,salinity,40,36.50144958496094,36.0997267041,artifacts/paper/figures/Figure9_MS3/Figure9_MS3_final_visualization/Figure9_observed_visualization.csv,artifacts/paper/figures/Figure9_MS3/Figure9_MS3_final_visualization/Figure9_prediction_visualization.csv
20s10w,2022-08,salinity,40,36.40412902832031,36.0797084904,artifacts/paper/figures/Figure9_MS3/Figure9_MS3_final_visualization/Figure9_observed_visualization.csv,artifacts/paper/figures/Figure9_MS3/Figure9_MS3_final_visualization/Figure9_prediction_visualization.csv
20s10w,2022-09,salinity,40,36.363670349121094,36.0788650118,artifacts/paper/figures/Figure9_MS3/Figure9_MS3_final_visualization/Figure9_observed_visualization.csv,artifacts/paper/figures/Figure9_MS3/Figure9_MS3_final_visualization/Figure9_prediction_visualization.csv
20s10w,2022-10,salinity,40,36.41012954711914,36.0826527112,artifacts/paper/figures/Figure9_MS3/Figure9_MS3_final_visualization/Figure9_observed_visualization.csv,artifacts/paper/figures/Figure9_MS3/Figure9_MS3_final_visualization/Figure9_prediction_visualization.csv
20s10w,2022-11,salinity,40,36.459205627441406,36.1029642031,artifacts/paper/figures/Figure9_MS3/Figure9_MS3_final_visualization/Figure9_observed_visualization.csv,artifacts/paper/figures/Figure9_MS3/Figure9_MS3_final_visualization/Figure9_prediction_visualization.csv
20s10w,2022-12,salinity,40,36.50703811645508,36.1352476598,artifacts/paper/figures/Figure9_MS3/Figure9_MS3_final_visualization/Figure9_observed_visualization.csv,artifacts/paper/figures/Figure9_MS3/Figure9_MS3_final_visualization/Figure9_prediction_visualization.csv
20s10w,2023-01,salinity,40,36.52725601196289,36.1901987699,artifacts/paper/figures/Figure9_MS3/Figure9_MS3_final_visualization/Figure9_observed_visualization.csv,artifacts/paper/figures/Figure9_MS3/Figure9_MS3_final_visualization/Figure9_prediction_visualization.csv
20s10w,2023-02,salinity,40,36.51924514770508,36.2382226142,artifacts/paper/figures/Figure9_MS3/Figure9_MS3_final_visualization/Figure9_observed_visualization.csv,artifacts/paper/figures/Figure9_MS3/Figure9_MS3_final_visualization/Figure9_prediction_visualization.csv
0n3w,2023-04,temperature,20,29.071002960205078,27.2561716654,artifacts/paper/figures/Figure9_MS3/Figure9_MS3_final_visualization/Figure9_observed_visualization.csv,artifacts/paper/figures/Figure9_MS3/Figure9_MS3_final_visualization/Figure9_prediction_visualization.csv
0n3w,2023-05,temperature,20,28.617416381835938,26.8095433797,artifacts/paper/figures/Figure9_MS3/Figure9_MS3_final_visualization/Figure9_observed_visualization.csv,artifacts/paper/figures/Figure9_MS3/Figure9_MS3_final_visualization/Figure9_prediction_visualization.csv
0n3w,2023-06,temperature,20,24.79733657836914,25.8293763506,artifacts/paper/figures/Figure9_MS3/Figure9_MS3_final_visualization/Figure9_observed_visualization.csv,artifacts/paper/figures/Figure9_MS3/Figure9_MS3_final_visualization/Figure9_prediction_visualization.csv
0n3w,2023-07,temperature,20,26.133548736572266,25.4896266947,artifacts/paper/figures/Figure9_MS3/Figure9_MS3_final_visualization/Figure9_observed_visualization.csv,artifacts/paper/figures/Figure9_MS3/Figure9_MS3_final_visualization/Figure9_prediction_visualization.csv
0n3w,2023-08,temperature,20,25.271934509277344,25.5019763467,artifacts/paper/figures/Figure9_MS3/Figure9_MS3_final_visualization/Figure9_observed_visualization.csv,artifacts/paper/figures/Figure9_MS3/Figure9_MS3_final_visualization/Figure9_prediction_visualization.csv
0n3w,2023-09,temperature,20,26.150667190551758,25.7719344698,artifacts/paper/figures/Figure9_MS3/Figure9_MS3_final_visualization/Figure9_observed_visualization.csv,artifacts/paper/figures/Figure9_MS3/Figure9_MS3_final_visualization/Figure9_prediction_visualization.csv
0n3w,2023-10,temperature,20,26.679677963256836,25.9358644282,artifacts/paper/figures/Figure9_MS3/Figure9_MS3_final_visualization/Figure9_observed_visualization.csv,artifacts/paper/figures/Figure9_MS3/Figure9_MS3_final_visualization/Figure9_prediction_visualization.csv
0n3w,2023-11,temperature,20,27.808330535888672,26.246297995,artifacts/paper/figures/Figure9_MS3/Figure9_MS3_final_visualization/Figure9_observed_visualization.csv,artifacts/paper/figures/Figure9_MS3/Figure9_MS3_final_visualization/Figure9_prediction_visualization.csv
0n3w,2023-12,temperature,20,28.3980655670166,26.653908272,artifacts/paper/figures/Figure9_MS3/Figure9_MS3_final_visualization/Figure9_observed_visualization.csv,artifacts/paper/figures/Figure9_MS3/Figure9_MS3_final_visualization/Figure9_prediction_visualization.csv
0n3w,2024-01,temperature,20,28.032583236694336,26.8089756115,artifacts/paper/figures/Figure9_MS3/Figure9_MS3_final_visualization/Figure9_observed_visualization.csv,artifacts/paper/figures/Figure9_MS3/Figure9_MS3_final_visualization/Figure9_prediction_visualization.csv
0n3w,2024-02,temperature,20,28.77413558959961,27.2372625963,artifacts/paper/figures/Figure9_MS3/Figure9_MS3_final_visualization/Figure9_observed_visualization.csv,artifacts/paper/figures/Figure9_MS3/Figure9_MS3_final_visualization/Figure9_prediction_visualization.csv
0n3w,2024-03,temperature,20,30.0313777923584,27.6009100934,artifacts/paper/figures/Figure9_MS3/Figure9_MS3_final_visualization/Figure9_observed_visualization.csv,artifacts/paper/figures/Figure9_MS3/Figure9_MS3_final_visualization/Figure9_prediction_visualization.csv
0n3w,2023-04,salinity,40,36.21009826660156,36.2467652411,artifacts/paper/figures/Figure9_MS3/Figure9_MS3_final_visualization/Figure9_observed_visualization.csv,artifacts/paper/figures/Figure9_MS3/Figure9_MS3_final_visualization/Figure9_prediction_visualization.csv
0n3w,2023-05,salinity,40,36.24445343017578,36.2072565872,artifacts/paper/figures/Figure9_MS3/Figure9_MS3_final_visualization/Figure9_observed_visualization.csv,artifacts/paper/figures/Figure9_MS3/Figure9_MS3_final_visualization/Figure9_prediction_visualization.csv
0n3w,2023-06,salinity,40,35.896995544433594,36.161141714,artifacts/paper/figures/Figure9_MS3/Figure9_MS3_final_visualization/Figure9_observed_visualization.csv,artifacts/paper/figures/Figure9_MS3/Figure9_MS3_final_visualization/Figure9_prediction_visualization.csv
0n3w,2023-07,salinity,40,35.93051528930664,36.1256811056,artifacts/paper/figures/Figure9_MS3/Figure9_MS3_final_visualization/Figure9_observed_visualization.csv,artifacts/paper/figures/Figure9_MS3/Figure9_MS3_final_visualization/Figure9_prediction_visualization.csv
0n3w,2023-08,salinity,40,35.849544525146484,36.1027232443,artifacts/paper/figures/Figure9_MS3/Figure9_MS3_final_visualization/Figure9_observed_visualization.csv,artifacts/paper/figures/Figure9_MS3/Figure9_MS3_final_visualization/Figure9_prediction_visualization.csv
0n3w,2023-09,salinity,40,35.78203201293945,36.0873754044,artifacts/paper/figures/Figure9_MS3/Figure9_MS3_final_visualization/Figure9_observed_visualization.csv,artifacts/paper/figures/Figure9_MS3/Figure9_MS3_final_visualization/Figure9_prediction_visualization.csv
0n3w,2023-10,salinity,40,35.56290054321289,36.0881727074,artifacts/paper/figures/Figure9_MS3/Figure9_MS3_final_visualization/Figure9_observed_visualization.csv,artifacts/paper/figures/Figure9_MS3/Figure9_MS3_final_visualization/Figure9_prediction_visualization.csv
0n3w,2023-11,salinity,40,35.73186492919922,36.0947289983,artifacts/paper/figures/Figure9_MS3/Figure9_MS3_final_visualization/Figure9_observed_visualization.csv,artifacts/paper/figures/Figure9_MS3/Figure9_MS3_final_visualization/Figure9_prediction_visualization.csv
0n3w,2023-12,salinity,40,36.055870056152344,36.1241464934,artifacts/paper/figures/Figure9_MS3/Figure9_MS3_final_visualization/Figure9_observed_visualization.csv,artifacts/paper/figures/Figure9_MS3/Figure9_MS3_final_visualization/Figure9_prediction_visualization.csv
0n3w,2024-01,salinity,40,36.066707611083984,36.1679943473,artifacts/paper/figures/Figure9_MS3/Figure9_MS3_final_visualization/Figure9_observed_visualization.csv,artifacts/paper/figures/Figure9_MS3/Figure9_MS3_final_visualization/Figure9_prediction_visualization.csv
0n3w,2024-02,salinity,40,36.10986328125,36.216974847,artifacts/paper/figures/Figure9_MS3/Figure9_MS3_final_visualization/Figure9_observed_visualization.csv,artifacts/paper/figures/Figure9_MS3/Figure9_MS3_final_visualization/Figure9_prediction_visualization.csv
0n3w,2024-03,salinity,40,36.14838409423828,36.2510389519,artifacts/paper/figures/Figure9_MS3/Figure9_MS3_final_visualization/Figure9_observed_visualization.csv,artifacts/paper/figures/Figure9_MS3/Figure9_MS3_final_visualization/Figure9_prediction_visualization.csv
