model,variable,depth,gap_length,RMSE,MAE,R,R2,N
conditional_xgboost,temperature,1.0,3,2.210589637,1.962176641,0.19693865,-0.4969834765,57
conditional_lstm,temperature,1.0,3,1.789718573,1.59097725,0.2712266422,0.01877131127,57
conditional_stgnn_v1,temperature,1.0,3,1.799510017,1.585759447,0.2981468288,0.008005454032,57
mask_aware_stgnn_v2,temperature,1.0,3,1.330274961,1.136105487,0.7102072995,0.4578947908,57
conditional_xgboost,temperature,20.0,3,2.685834055,2.306466889,0.3200454137,-1.674539777,57
conditional_lstm,temperature,20.0,3,1.653269292,1.369057706,-0.3593246695,-0.01339301718,57
conditional_stgnn_v1,temperature,20.0,3,1.657829256,1.371957143,-0.4014760167,-0.01899090474,57
mask_aware_stgnn_v2,temperature,20.0,3,1.436254809,1.157948946,0.6018083931,0.2351897486,57
conditional_xgboost,temperature,40.0,3,2.80072881,2.169020368,0.207189698,-0.04395531749,57
conditional_lstm,temperature,40.0,3,2.779240889,2.180560898,0.1987807733,-0.02799777448,57
conditional_stgnn_v1,temperature,40.0,3,2.76370639,2.164164794,-0.1210805721,-0.0165379543,57
mask_aware_stgnn_v2,temperature,40.0,3,2.009191055,1.389945549,0.69296415,0.4627427743,57
conditional_xgboost,temperature,120.0,3,3.859435316,3.220041677,-0.2460769283,-0.2833412315,57
conditional_lstm,temperature,120.0,3,3.440081284,2.988390471,-0.258216763,-0.01960515703,57
conditional_stgnn_v1,temperature,120.0,3,3.466606178,3.051849231,-0.2272662344,-0.03538919343,57
mask_aware_stgnn_v2,temperature,120.0,3,1.259234142,0.9126807096,0.9331782061,0.8633821032,57
conditional_xgboost,salinity,1.0,3,0.9420257638,0.7562489229,-0.1277532898,-0.6187927744,51
conditional_lstm,salinity,1.0,3,0.7503672643,0.545433942,-0.4034903829,-0.02710171489,51
conditional_stgnn_v1,salinity,1.0,3,0.7491716747,0.5381208682,-0.3648223306,-0.02383127949,51
mask_aware_stgnn_v2,salinity,1.0,3,0.7300682922,0.5209598915,0.5951310334,0.02771705056,51
conditional_xgboost,salinity,20.0,3,0.7231730304,0.596957936,-0.06700086815,-0.5610793774,51
conditional_lstm,salinity,20.0,3,0.5922794178,0.4601669312,0.2129305604,-0.0471136601,51
conditional_stgnn_v1,salinity,20.0,3,0.5832481439,0.4597650416,0.1167946875,-0.01542365027,51
mask_aware_stgnn_v2,salinity,20.0,3,0.3295132604,0.2497898177,0.833493525,0.6758945483,51
conditional_xgboost,salinity,40.0,3,0.6657475747,0.5510564318,-0.2798696142,-1.323322199,51
conditional_lstm,salinity,40.0,3,0.4387402301,0.3608666962,-0.150669193,-0.009032543422,51
conditional_stgnn_v1,salinity,40.0,3,0.4440664613,0.3621910694,-0.007924681776,-0.03368021439,51
mask_aware_stgnn_v2,salinity,40.0,3,0.2610302699,0.2098913754,0.8299866013,0.6428324448,51
conditional_xgboost,salinity,120.0,3,0.6231674153,0.4693322275,0.12073219,-0.1542194378,51
conditional_lstm,salinity,120.0,3,0.5793402576,0.4856768589,0.3561820591,0.002423231029,51
conditional_stgnn_v1,salinity,120.0,3,0.5780915676,0.4740077748,0.1225044245,0.00671888191,51
mask_aware_stgnn_v2,salinity,120.0,3,0.3344356006,0.2608018015,0.8653685996,0.6675671641,51
conditional_xgboost,temperature,1.0,6,2.035195149,1.715532409,0.02866860558,-0.07865922279,108
conditional_lstm,temperature,1.0,6,1.962228674,1.614221114,0.2693371912,-0.002700840732,108
conditional_stgnn_v1,temperature,1.0,6,1.970247335,1.595041328,0.2593756491,-0.01091267375,108
mask_aware_stgnn_v2,temperature,1.0,6,1.788523559,1.442966302,0.5964655519,0.1669684043,108
conditional_xgboost,temperature,20.0,6,1.784697462,1.47342092,0.1053446557,-0.04534215958,108
conditional_lstm,temperature,20.0,6,1.739378273,1.39917031,0.09989640174,0.007072963867,108
conditional_stgnn_v1,temperature,20.0,6,1.736338485,1.38726019,0.1118436892,0.01054046838,108
mask_aware_stgnn_v2,temperature,20.0,6,1.686498809,1.337864629,0.3668674664,0.06652792212,108
conditional_xgboost,temperature,40.0,6,2.549568736,2.016734458,0.1011737286,0.008588511623,114
conditional_lstm,temperature,40.0,6,2.600539322,2.01411786,-0.2360392089,-0.03144802149,114
conditional_stgnn_v1,temperature,40.0,6,2.561302279,2.002354254,0.1771104148,-0.0005577700633,114
mask_aware_stgnn_v2,temperature,40.0,6,1.843696462,1.363674114,0.7200452006,0.4815589974,114
conditional_xgboost,temperature,120.0,6,3.427425021,2.915863815,0.1531051812,-0.01353327697,114
conditional_lstm,temperature,120.0,6,3.395694897,2.963031058,0.1329553086,0.005145862247,114
conditional_stgnn_v1,temperature,120.0,6,3.384676566,2.976607264,0.162031926,0.01159158179,114
mask_aware_stgnn_v2,temperature,120.0,6,1.870529725,1.448504607,0.8510648786,0.6981221038,114
conditional_xgboost,salinity,1.0,6,0.887895639,0.7044953108,0.06939763093,-0.3619752287,96
conditional_lstm,salinity,1.0,6,0.7660975345,0.6354276339,-0.179969188,-0.01394288571,96
conditional_stgnn_v1,salinity,1.0,6,0.7627334397,0.6314013799,0.04571469844,-0.00505756583,96
mask_aware_stgnn_v2,salinity,1.0,6,0.4951761591,0.3893689712,0.7668284202,0.576391353,96
conditional_xgboost,salinity,20.0,6,0.7005054039,0.5879924297,0.03612249798,-0.291398552,96
conditional_lstm,salinity,20.0,6,0.6167931668,0.4980253379,0.2107192606,-0.00118981442,96
conditional_stgnn_v1,salinity,20.0,6,0.6177797022,0.5003103018,0.1031251818,-0.004395099943,96
mask_aware_stgnn_v2,salinity,20.0,6,0.4640713328,0.4005628427,0.7214875994,0.4332300733,96
conditional_xgboost,salinity,40.0,6,0.5573558489,0.4380638646,0.02058189797,-0.4147811661,102
conditional_lstm,salinity,40.0,6,0.4681985119,0.3492632099,0.2009835278,0.001646828611,102
conditional_stgnn_v1,salinity,40.0,6,0.4683121717,0.3507657519,0.2137372814,0.001162049665,102
mask_aware_stgnn_v2,salinity,40.0,6,0.3066843144,0.2572749643,0.7570118223,0.5716416153,102
conditional_xgboost,salinity,120.0,6,0.6653368234,0.4905171114,-0.1020936849,-0.317557912,102
conditional_lstm,salinity,120.0,6,0.5826858281,0.4725817138,-0.1317552369,-0.01054464149,102
conditional_stgnn_v1,salinity,120.0,6,0.5846788266,0.4871422263,-0.1407649751,-0.01746932775,102
mask_aware_stgnn_v2,salinity,120.0,6,0.3182251561,0.250282886,0.8379836859,0.6985914214,102
conditional_xgboost,temperature,1.0,12,2.42268058,1.787246398,0.01530298286,-0.3656020906,156
conditional_lstm,temperature,1.0,12,2.042630922,1.629925202,0.2353216506,0.02924047411,156
conditional_stgnn_v1,temperature,1.0,12,2.042006949,1.610065411,0.2373203396,0.02983346904,156
mask_aware_stgnn_v2,temperature,1.0,12,1.785094703,1.406760326,0.5475975043,0.258596931,156
conditional_xgboost,temperature,20.0,12,2.03609866,1.660019407,0.08155392882,-0.05089621541,204
conditional_lstm,temperature,20.0,12,1.986020644,1.611576987,0.01818393729,0.0001618386242,204
conditional_stgnn_v1,temperature,20.0,12,1.946083255,1.57804161,0.2641380267,0.03996951628,204
mask_aware_stgnn_v2,temperature,20.0,12,1.784570556,1.464298491,0.493678,0.192709879,204
conditional_xgboost,temperature,40.0,12,2.855032468,2.219017629,-0.08324996734,-0.204961012,216
conditional_lstm,temperature,40.0,12,2.59728906,1.993453441,0.1615095197,0.002778888107,216
conditional_stgnn_v1,temperature,40.0,12,2.61158595,1.986525633,0.1802149339,-0.008229821357,216
mask_aware_stgnn_v2,temperature,40.0,12,2.308438832,1.864970755,0.4873528066,0.2122514101,216
conditional_xgboost,temperature,120.0,12,3.305424681,2.880758069,0.2839127075,0.06199581512,216
conditional_lstm,temperature,120.0,12,3.398549118,2.926848319,0.1381519351,0.008398107704,216
conditional_stgnn_v1,temperature,120.0,12,3.416671698,3.005241699,-0.01081332594,-0.002205416016,216
mask_aware_stgnn_v2,temperature,120.0,12,2.977583364,2.310359708,0.6704951948,0.2388362388,216
conditional_xgboost,salinity,1.0,12,0.9480175111,0.8271997452,-0.1796507083,-0.1579890304,120
conditional_lstm,salinity,1.0,12,0.8829372736,0.7743930181,-0.04945074849,-0.004457183007,120
conditional_stgnn_v1,salinity,1.0,12,0.882848435,0.7683074633,-0.1815263938,-0.004255062105,120
mask_aware_stgnn_v2,salinity,1.0,12,0.7094794872,0.5680849393,0.6083957879,0.3514381282,120
conditional_xgboost,salinity,20.0,12,0.7312714391,0.5998390289,0.2220781302,-0.1061634849,168
conditional_lstm,salinity,20.0,12,0.696153398,0.5639405705,0.02284804859,-0.002471395323,168
conditional_stgnn_v1,salinity,20.0,12,0.6960079945,0.563571226,0.05765035116,-0.002052672421,168
mask_aware_stgnn_v2,salinity,20.0,12,0.5604909514,0.460565181,0.5961096266,0.350170675,168
conditional_xgboost,salinity,40.0,12,0.5200396712,0.4222265032,0.2514596158,-0.6506987246,180
conditional_lstm,salinity,40.0,12,0.404862939,0.3176497777,0.1917418685,-0.0004857623394,180
conditional_stgnn_v1,salinity,40.0,12,0.3949736464,0.3078740438,0.2227129895,0.04779358166,180
mask_aware_stgnn_v2,salinity,40.0,12,0.3159610293,0.2498259862,0.6626404977,0.3906568888,180
conditional_xgboost,salinity,120.0,12,0.6147471425,0.4600885603,0.07095909934,-0.06925721604,180
conditional_lstm,salinity,120.0,12,0.5944840385,0.4978445477,0.01228889888,7.011210642e-05,180
conditional_stgnn_v1,salinity,120.0,12,0.5954212316,0.4919745127,-0.01590326799,-0.003085114899,180
mask_aware_stgnn_v2,salinity,120.0,12,0.5958747192,0.4952404234,-0.1345645724,-0.004613645763,180
