case_id,station,time,variable,depth_m,observed_value,prediction,residual,checkpoint_path,checkpoint_sha256,model_name,python_version,torch_version,device,input_source,normalization_source,mask_id,prediction_status
F6-6s10w-2019-01,6s10w,2019-01-01 00:00:00,temperature,1.0,27.015810012817383,26.74577078620822,-0.270039226609164,artifacts/algorithm/v21_reliability_gate/checkpoint/mask_aware_stgnn_v2_full__temperature__1p0m.pt,3a375aeaf655cfd8e3adb2c78475b52a62bcc65a87d3f0da265a53fd8d5ab165,mask_aware_stgnn_v2_full,3.12.10,2.4.1+cpu,CPU,exact native test records with causal visible context,checkpoint train_visible_only; recomputed and matched,figure6_v2_inference_only:20260815:three_fixed_cases,VERIFIED_INFERENCE
F6-6s10w-2019-01,6s10w,2019-01-01 00:00:00,temperature,20.0,26.940000534057617,26.998817651809475,0.058817117751857495,artifacts/algorithm/v21_reliability_gate/checkpoint/mask_aware_stgnn_v2_full__temperature__20p0m.pt,9b19409827eceabffc2604de2c4cbd26e28df14abdd2fd35c8b3490e3ff75fd2,mask_aware_stgnn_v2_full,3.12.10,2.4.1+cpu,CPU,exact native test records with causal visible context,checkpoint train_visible_only; recomputed and matched,figure6_v2_inference_only:20260815:three_fixed_cases,VERIFIED_INFERENCE
F6-6s10w-2019-01,6s10w,2019-01-01 00:00:00,temperature,40.0,26.887741088867188,26.08645728310571,-0.8012838057614786,artifacts/algorithm/v21_reliability_gate/checkpoint/mask_aware_stgnn_v2_full__temperature__40p0m.pt,db3dbe4d0aa36281c6a1f6cb252eae2babc2d643e474ff5fff049c81532b31b0,mask_aware_stgnn_v2_full,3.12.10,2.4.1+cpu,CPU,exact native test records with causal visible context,checkpoint train_visible_only; recomputed and matched,figure6_v2_inference_only:20260815:three_fixed_cases,VERIFIED_INFERENCE
F6-6s10w-2019-01,6s10w,2019-01-01 00:00:00,temperature,120.0,15.979677200317383,14.775698101589027,-1.2039790987283556,artifacts/algorithm/v21_reliability_gate/checkpoint/mask_aware_stgnn_v2_full__temperature__120p0m.pt,8cc82b27d56707b41d9bc008edba0ba11446e8f1f2647b6f16039435523d7443,mask_aware_stgnn_v2_full,3.12.10,2.4.1+cpu,CPU,exact native test records with causal visible context,checkpoint train_visible_only; recomputed and matched,figure6_v2_inference_only:20260815:three_fixed_cases,VERIFIED_INFERENCE
F6-6s10w-2019-01,6s10w,2019-01-01 00:00:00,salinity,1.0,36.165611267089844,36.119428433332864,-0.046182833756979846,artifacts/algorithm/v21_reliability_gate/checkpoint/mask_aware_stgnn_v2_full__salinity__1p0m.pt,9f9ad973b287d8cb100f4c2d7e83dcf411eef55b095a9dd97c0970bfb6031ca7,mask_aware_stgnn_v2_full,3.12.10,2.4.1+cpu,CPU,exact native test records with causal visible context,checkpoint train_visible_only; recomputed and matched,figure6_v2_inference_only:20260815:three_fixed_cases,VERIFIED_INFERENCE
F6-6s10w-2019-01,6s10w,2019-01-01 00:00:00,salinity,20.0,36.170291900634766,36.14842878051371,-0.02186312012105418,artifacts/algorithm/v21_reliability_gate/checkpoint/mask_aware_stgnn_v2_full__salinity__20p0m.pt,56441f1f1ddb86e29971713034ba0bc0d830b46c029c4aaa9cfb735b9e859df9,mask_aware_stgnn_v2_full,3.12.10,2.4.1+cpu,CPU,exact native test records with causal visible context,checkpoint train_visible_only; recomputed and matched,figure6_v2_inference_only:20260815:three_fixed_cases,VERIFIED_INFERENCE
F6-6s10w-2019-01,6s10w,2019-01-01 00:00:00,salinity,40.0,36.17854690551758,36.148336625127385,-0.030210280390193134,artifacts/algorithm/v21_reliability_gate/checkpoint/mask_aware_stgnn_v2_full__salinity__40p0m.pt,ae511c57847ea9b66791fa4f3700d76438be9d8f50966ddfbf0b7391f7d403f5,mask_aware_stgnn_v2_full,3.12.10,2.4.1+cpu,CPU,exact native test records with causal visible context,checkpoint train_visible_only; recomputed and matched,figure6_v2_inference_only:20260815:three_fixed_cases,VERIFIED_INFERENCE
F6-6s10w-2019-01,6s10w,2019-01-01 00:00:00,salinity,120.0,35.615962982177734,35.67278076031877,0.05681777814103839,artifacts/algorithm/v21_reliability_gate/checkpoint/mask_aware_stgnn_v2_full__salinity__120p0m.pt,83a21266d35a5b4e0733ddb7145cfcaff6113b0aaba58c133e4f069665e25a00,mask_aware_stgnn_v2_full,3.12.10,2.4.1+cpu,CPU,exact native test records with causal visible context,checkpoint train_visible_only; recomputed and matched,figure6_v2_inference_only:20260815:three_fixed_cases,VERIFIED_INFERENCE
F6-0n10w-2019-03,0n10w,2019-03-01 00:00:00,temperature,1.0,29.56291961669922,27.71644947276143,-1.8464701439377897,artifacts/algorithm/v21_reliability_gate/checkpoint/mask_aware_stgnn_v2_full__temperature__1p0m.pt,3a375aeaf655cfd8e3adb2c78475b52a62bcc65a87d3f0da265a53fd8d5ab165,mask_aware_stgnn_v2_full,3.12.10,2.4.1+cpu,CPU,exact native test records with causal visible context,checkpoint train_visible_only; recomputed and matched,figure6_v2_inference_only:20260815:three_fixed_cases,VERIFIED_INFERENCE
F6-0n10w-2019-03,0n10w,2019-03-01 00:00:00,temperature,20.0,28.200998306274414,28.38288552065488,0.18188721438046684,artifacts/algorithm/v21_reliability_gate/checkpoint/mask_aware_stgnn_v2_full__temperature__20p0m.pt,9b19409827eceabffc2604de2c4cbd26e28df14abdd2fd35c8b3490e3ff75fd2,mask_aware_stgnn_v2_full,3.12.10,2.4.1+cpu,CPU,exact native test records with causal visible context,checkpoint train_visible_only; recomputed and matched,figure6_v2_inference_only:20260815:three_fixed_cases,VERIFIED_INFERENCE
F6-0n10w-2019-03,0n10w,2019-03-01 00:00:00,temperature,40.0,25.715335845947266,25.272353805616852,-0.44298204033041344,artifacts/algorithm/v21_reliability_gate/checkpoint/mask_aware_stgnn_v2_full__temperature__40p0m.pt,db3dbe4d0aa36281c6a1f6cb252eae2babc2d643e474ff5fff049c81532b31b0,mask_aware_stgnn_v2_full,3.12.10,2.4.1+cpu,CPU,exact native test records with causal visible context,checkpoint train_visible_only; recomputed and matched,figure6_v2_inference_only:20260815:three_fixed_cases,VERIFIED_INFERENCE
F6-0n10w-2019-03,0n10w,2019-03-01 00:00:00,temperature,120.0,15.432001113891602,14.991257645718305,-0.4407434681732969,artifacts/algorithm/v21_reliability_gate/checkpoint/mask_aware_stgnn_v2_full__temperature__120p0m.pt,8cc82b27d56707b41d9bc008edba0ba11446e8f1f2647b6f16039435523d7443,mask_aware_stgnn_v2_full,3.12.10,2.4.1+cpu,CPU,exact native test records with causal visible context,checkpoint train_visible_only; recomputed and matched,figure6_v2_inference_only:20260815:three_fixed_cases,VERIFIED_INFERENCE
F6-0n10w-2019-03,0n10w,2019-03-01 00:00:00,salinity,1.0,35.02262496948242,35.53036192504928,0.5077369555668554,artifacts/algorithm/v21_reliability_gate/checkpoint/mask_aware_stgnn_v2_full__salinity__1p0m.pt,9f9ad973b287d8cb100f4c2d7e83dcf411eef55b095a9dd97c0970bfb6031ca7,mask_aware_stgnn_v2_full,3.12.10,2.4.1+cpu,CPU,exact native test records with causal visible context,checkpoint train_visible_only; recomputed and matched,figure6_v2_inference_only:20260815:three_fixed_cases,VERIFIED_INFERENCE
F6-0n10w-2019-03,0n10w,2019-03-01 00:00:00,salinity,20.0,35.55033493041992,35.36136229602425,-0.18897263439567524,artifacts/algorithm/v21_reliability_gate/checkpoint/mask_aware_stgnn_v2_full__salinity__20p0m.pt,56441f1f1ddb86e29971713034ba0bc0d830b46c029c4aaa9cfb735b9e859df9,mask_aware_stgnn_v2_full,3.12.10,2.4.1+cpu,CPU,exact native test records with causal visible context,checkpoint train_visible_only; recomputed and matched,figure6_v2_inference_only:20260815:three_fixed_cases,VERIFIED_INFERENCE
F6-0n10w-2019-03,0n10w,2019-03-01 00:00:00,salinity,40.0,36.367130279541016,36.22242508801772,-0.1447051915232933,artifacts/algorithm/v21_reliability_gate/checkpoint/mask_aware_stgnn_v2_full__salinity__40p0m.pt,ae511c57847ea9b66791fa4f3700d76438be9d8f50966ddfbf0b7391f7d403f5,mask_aware_stgnn_v2_full,3.12.10,2.4.1+cpu,CPU,exact native test records with causal visible context,checkpoint train_visible_only; recomputed and matched,figure6_v2_inference_only:20260815:three_fixed_cases,VERIFIED_INFERENCE
F6-0n10w-2019-03,0n10w,2019-03-01 00:00:00,salinity,120.0,35.554466247558594,35.56350793595442,0.009041688395825531,artifacts/algorithm/v21_reliability_gate/checkpoint/mask_aware_stgnn_v2_full__salinity__120p0m.pt,83a21266d35a5b4e0733ddb7145cfcaff6113b0aaba58c133e4f069665e25a00,mask_aware_stgnn_v2_full,3.12.10,2.4.1+cpu,CPU,exact native test records with causal visible context,checkpoint train_visible_only; recomputed and matched,figure6_v2_inference_only:20260815:three_fixed_cases,VERIFIED_INFERENCE
F6-15n38w-2019-01,15n38w,2019-01-01 00:00:00,temperature,1.0,25.204195022583008,24.882607775712014,-0.32158724687099394,artifacts/algorithm/v21_reliability_gate/checkpoint/mask_aware_stgnn_v2_full__temperature__1p0m.pt,3a375aeaf655cfd8e3adb2c78475b52a62bcc65a87d3f0da265a53fd8d5ab165,mask_aware_stgnn_v2_full,3.12.10,2.4.1+cpu,CPU,exact native test records with causal visible context,checkpoint train_visible_only; recomputed and matched,figure6_v2_inference_only:20260815:three_fixed_cases,VERIFIED_INFERENCE
F6-15n38w-2019-01,15n38w,2019-01-01 00:00:00,temperature,20.0,25.158710479736328,25.4574571398595,0.29874666012317164,artifacts/algorithm/v21_reliability_gate/checkpoint/mask_aware_stgnn_v2_full__temperature__20p0m.pt,9b19409827eceabffc2604de2c4cbd26e28df14abdd2fd35c8b3490e3ff75fd2,mask_aware_stgnn_v2_full,3.12.10,2.4.1+cpu,CPU,exact native test records with causal visible context,checkpoint train_visible_only; recomputed and matched,figure6_v2_inference_only:20260815:three_fixed_cases,VERIFIED_INFERENCE
F6-15n38w-2019-01,15n38w,2019-01-01 00:00:00,temperature,40.0,25.195484161376953,25.847831600449222,0.652347439072269,artifacts/algorithm/v21_reliability_gate/checkpoint/mask_aware_stgnn_v2_full__temperature__40p0m.pt,db3dbe4d0aa36281c6a1f6cb252eae2babc2d643e474ff5fff049c81532b31b0,mask_aware_stgnn_v2_full,3.12.10,2.4.1+cpu,CPU,exact native test records with causal visible context,checkpoint train_visible_only; recomputed and matched,figure6_v2_inference_only:20260815:three_fixed_cases,VERIFIED_INFERENCE
F6-15n38w-2019-01,15n38w,2019-01-01 00:00:00,temperature,120.0,20.933225631713867,20.297875450945064,-0.6353501807688033,artifacts/algorithm/v21_reliability_gate/checkpoint/mask_aware_stgnn_v2_full__temperature__120p0m.pt,8cc82b27d56707b41d9bc008edba0ba11446e8f1f2647b6f16039435523d7443,mask_aware_stgnn_v2_full,3.12.10,2.4.1+cpu,CPU,exact native test records with causal visible context,checkpoint train_visible_only; recomputed and matched,figure6_v2_inference_only:20260815:three_fixed_cases,VERIFIED_INFERENCE
F6-15n38w-2019-01,15n38w,2019-01-01 00:00:00,salinity,1.0,36.4579963684082,36.51611348781644,0.05811711940823727,artifacts/algorithm/v21_reliability_gate/checkpoint/mask_aware_stgnn_v2_full__salinity__1p0m.pt,9f9ad973b287d8cb100f4c2d7e83dcf411eef55b095a9dd97c0970bfb6031ca7,mask_aware_stgnn_v2_full,3.12.10,2.4.1+cpu,CPU,exact native test records with causal visible context,checkpoint train_visible_only; recomputed and matched,figure6_v2_inference_only:20260815:three_fixed_cases,VERIFIED_INFERENCE
F6-15n38w-2019-01,15n38w,2019-01-01 00:00:00,salinity,20.0,36.50164031982422,36.74871997714698,0.2470796573227645,artifacts/algorithm/v21_reliability_gate/checkpoint/mask_aware_stgnn_v2_full__salinity__20p0m.pt,56441f1f1ddb86e29971713034ba0bc0d830b46c029c4aaa9cfb735b9e859df9,mask_aware_stgnn_v2_full,3.12.10,2.4.1+cpu,CPU,exact native test records with causal visible context,checkpoint train_visible_only; recomputed and matched,figure6_v2_inference_only:20260815:three_fixed_cases,VERIFIED_INFERENCE
F6-15n38w-2019-01,15n38w,2019-01-01 00:00:00,salinity,40.0,36.55580139160156,36.31986187292986,-0.2359395186716995,artifacts/algorithm/v21_reliability_gate/checkpoint/mask_aware_stgnn_v2_full__salinity__40p0m.pt,ae511c57847ea9b66791fa4f3700d76438be9d8f50966ddfbf0b7391f7d403f5,mask_aware_stgnn_v2_full,3.12.10,2.4.1+cpu,CPU,exact native test records with causal visible context,checkpoint train_visible_only; recomputed and matched,figure6_v2_inference_only:20260815:three_fixed_cases,VERIFIED_INFERENCE
F6-15n38w-2019-01,15n38w,2019-01-01 00:00:00,salinity,120.0,36.852901458740234,36.98738285570608,0.13448139696584605,artifacts/algorithm/v21_reliability_gate/checkpoint/mask_aware_stgnn_v2_full__salinity__120p0m.pt,83a21266d35a5b4e0733ddb7145cfcaff6113b0aaba58c133e4f069665e25a00,mask_aware_stgnn_v2_full,3.12.10,2.4.1+cpu,CPU,exact native test records with causal visible context,checkpoint train_visible_only; recomputed and matched,figure6_v2_inference_only:20260815:three_fixed_cases,VERIFIED_INFERENCE
