path,ownership_class,author_or_source,copyright_notice,license_notice,adaptation_notes,release_safe,evidence,author_confirmation_required
code/scripts/figure4_final_corrected_v2_edit.py,PROJECT_OWNED_PROJECT_GENERATED,Atlantic TS Reconstruction project authors,Project-owned source,BSD-3-Clause approved by author,No third-party source markers found,YES,Author authorization dated 2026-09-30; project package file; no third-party copy evidence,NO
code/scripts/paper/Figure02_temperature_availability_final.py,PROJECT_OWNED_PROJECT_GENERATED,Atlantic TS Reconstruction project authors,Project-owned source,BSD-3-Clause approved by author,No third-party source markers found,YES,Author authorization dated 2026-09-30; project package file; no third-party copy evidence,NO
code/scripts/paper/Figure1_final.py,PROJECT_OWNED_PROJECT_GENERATED,Atlantic TS Reconstruction project authors,Project-owned source,BSD-3-Clause approved by author,No third-party source markers found,YES,Author authorization dated 2026-09-30; project package file; no third-party copy evidence,NO
code/scripts/paper/FigureS1_salinity_observation_availability_v4_optimized.py,PROJECT_OWNED_PROJECT_GENERATED,Atlantic TS Reconstruction project authors,Project-owned source,BSD-3-Clause approved by author,No third-party source markers found,YES,Author authorization dated 2026-09-30; project package file; no third-party copy evidence,NO
code/scripts/paper/prepare_m3_figure9_data.py,PROJECT_OWNED_PROJECT_GENERATED,Atlantic TS Reconstruction project authors,Project-owned source,BSD-3-Clause approved by author,No third-party source markers found,YES,Author authorization dated 2026-09-30; project package file; no third-party copy evidence,NO
code/scripts/plot_paper_figure1_station_map.py,PROJECT_OWNED_PROJECT_GENERATED,Atlantic TS Reconstruction project authors,Project-owned source,BSD-3-Clause approved by author,No third-party source markers found,YES,Author authorization dated 2026-09-30; project package file; no third-party copy evidence,NO
code/scripts/plot_paper_figure2_missing_pattern.py,PROJECT_OWNED_PROJECT_GENERATED,Atlantic TS Reconstruction project authors,Project-owned source,BSD-3-Clause approved by author,No third-party source markers found,YES,Author authorization dated 2026-09-30; project package file; no third-party copy evidence,NO
code/scripts/plot_paper_figure3_framework.py,PROJECT_OWNED_PROJECT_GENERATED,Atlantic TS Reconstruction project authors,Project-owned source,BSD-3-Clause approved by author,No third-party source markers found,YES,Author authorization dated 2026-09-30; project package file; no third-party copy evidence,NO
code/scripts/plot_paper_figure4_STGNN_architecture_v2.py,PROJECT_OWNED_PROJECT_GENERATED,Atlantic TS Reconstruction project authors,Project-owned source,BSD-3-Clause approved by author,No third-party source markers found,YES,Author authorization dated 2026-09-30; project package file; no third-party copy evidence,NO
code/scripts/plot_paper_figure5_temperature_geographic_reconstruction.py,PROJECT_OWNED_PROJECT_GENERATED,Atlantic TS Reconstruction project authors,Project-owned source,BSD-3-Clause approved by author,No third-party source markers found,YES,Author authorization dated 2026-09-30; project package file; no third-party copy evidence,NO
code/scripts/plot_paper_figure6_salinity_geographic_reconstruction.py,PROJECT_OWNED_PROJECT_GENERATED,Atlantic TS Reconstruction project authors,Project-owned source,BSD-3-Clause approved by author,No third-party source markers found,YES,Author authorization dated 2026-09-30; project package file; no third-party copy evidence,NO
code/scripts/prepare_Figure9_MS3_final_visualization_data.py,PROJECT_OWNED_PROJECT_GENERATED,Atlantic TS Reconstruction project authors,Project-owned source,BSD-3-Clause approved by author,No third-party source markers found,YES,Author authorization dated 2026-09-30; project package file; no third-party copy evidence,NO
code/scripts/prepare_m2_figure8_layout_preview.py,PROJECT_OWNED_PROJECT_GENERATED,Atlantic TS Reconstruction project authors,Project-owned source,BSD-3-Clause approved by author,No third-party source markers found,YES,Author authorization dated 2026-09-30; project package file; no third-party copy evidence,NO
code/src/atlantic_ts/experiments/m2_continuous_gap_execution.py,PROJECT_OWNED_PROJECT_GENERATED,Atlantic TS Reconstruction project authors,Project-owned source,BSD-3-Clause approved by author,No third-party source markers found,YES,Author authorization dated 2026-09-30; project package file; no third-party copy evidence,NO
code/src/atlantic_ts/experiments/m2_continuous_gap_masks.py,PROJECT_OWNED_PROJECT_GENERATED,Atlantic TS Reconstruction project authors,Project-owned source,BSD-3-Clause approved by author,No third-party source markers found,YES,Author authorization dated 2026-09-30; project package file; no third-party copy evidence,NO
code/src/atlantic_ts/experiments/m3_dataset_adapter.py,PROJECT_OWNED_PROJECT_GENERATED,Atlantic TS Reconstruction project authors,Project-owned source,BSD-3-Clause approved by author,No third-party source markers found,YES,Author authorization dated 2026-09-30; project package file; no third-party copy evidence,NO
code/src/atlantic_ts/experiments/m3_normalization.py,PROJECT_OWNED_PROJECT_GENERATED,Atlantic TS Reconstruction project authors,Project-owned source,BSD-3-Clause approved by author,No third-party source markers found,YES,Author authorization dated 2026-09-30; project package file; no third-party copy evidence,NO
code/src/atlantic_ts/experiments/mask_aware_stgnn_v2.py,PROJECT_OWNED_PROJECT_GENERATED,Atlantic TS Reconstruction project authors,Project-owned source,BSD-3-Clause approved by author,No third-party source markers found,YES,Author authorization dated 2026-09-30; project package file; no third-party copy evidence,NO
code/src/atlantic_ts/experiments/mask_aware_stgnn_v2_fixed_ablation.py,PROJECT_OWNED_PROJECT_GENERATED,Atlantic TS Reconstruction project authors,Project-owned source,BSD-3-Clause approved by author,No third-party source markers found,YES,Author authorization dated 2026-09-30; project package file; no third-party copy evidence,NO
code/src/atlantic_ts/experiments/masking.py,PROJECT_OWNED_PROJECT_GENERATED,Atlantic TS Reconstruction project authors,Project-owned source,BSD-3-Clause approved by author,No third-party source markers found,YES,Author authorization dated 2026-09-30; project package file; no third-party copy evidence,NO
code/src/atlantic_ts/experiments/metrics.py,PROJECT_OWNED_PROJECT_GENERATED,Atlantic TS Reconstruction project authors,Project-owned source,BSD-3-Clause approved by author,No third-party source markers found,YES,Author authorization dated 2026-09-30; project package file; no third-party copy evidence,NO
code/src/atlantic_ts/models/algorithm/conditional_lstm_v1.py,PROJECT_OWNED_PROJECT_GENERATED,Atlantic TS Reconstruction project authors,Project-owned source,BSD-3-Clause approved by author,No third-party source markers found,YES,Author authorization dated 2026-09-30; project package file; no third-party copy evidence,NO
code/src/atlantic_ts/models/algorithm/conditional_stgnn_v1.py,PROJECT_OWNED_PROJECT_GENERATED,Atlantic TS Reconstruction project authors,Project-owned source,BSD-3-Clause approved by author,No third-party source markers found,YES,Author authorization dated 2026-09-30; project package file; no third-party copy evidence,NO
code/src/atlantic_ts/models/algorithm/mask_aware_stgnn_v2.py,PROJECT_OWNED_PROJECT_GENERATED,Atlantic TS Reconstruction project authors,Project-owned source,BSD-3-Clause approved by author,No third-party source markers found,YES,Author authorization dated 2026-09-30; project package file; no third-party copy evidence,NO
dependencies/*.dist-info,THIRD_PARTY,Imported dependencies,See dependency matrix,See dependency matrix,Dependency terms handled separately,REVIEW,Dependencies are not copied source code,NO
