relative_path,source_path,category,scientific_role,release_class,reason,source_license_or_terms,sha256,size_bytes,notes
CITATION.cff,release-candidate build,candidate asset,frozen data/code/provenance or release documentation,PUBLIC_INCLUDE_WITH_DOCUMENTATION,Release documentation or provenance record,To be verified before public release,E768994760252317EBBDDBD20039472259A0FCC2C43AC76D1B970E1FFC9EBAB4,587,Not public; final author review pending
code/scripts/figure4_final_corrected_v2_edit.py,release-candidate build,candidate asset,frozen data/code/provenance or release documentation,PUBLIC_INCLUDE_WITH_DOCUMENTATION,Author-approved project-owned/project-generated source; BSD-3-Clause applies to project code only,BSD-3-Clause for project-owned code only,C7B258E7AD40D8C2BAE2277DC32DC6349685E3867476841F7089A2D8FE78E1B5,5165,Not public; final author review pending
code/scripts/paper/Figure02_temperature_availability_final.py,release-candidate build,candidate asset,frozen data/code/provenance or release documentation,PUBLIC_INCLUDE_WITH_DOCUMENTATION,Author-approved project-owned/project-generated source; BSD-3-Clause applies to project code only,BSD-3-Clause for project-owned code only,379159AD647552B4BEEA315784080517387C1A0B0B135AD35CBFDA04E1EDAF5A,14399,Not public; final author review pending
code/scripts/paper/Figure1_final.py,release-candidate build,candidate asset,frozen data/code/provenance or release documentation,PUBLIC_INCLUDE_WITH_DOCUMENTATION,Author-approved project-owned/project-generated source; BSD-3-Clause applies to project code only,BSD-3-Clause for project-owned code only,1011E449E5E7A974CB3C313695D6A327BE9347F3B2EB247F215F1F35D221C448,1512,Not public; final author review pending
code/scripts/paper/FigureS1_salinity_observation_availability_v4_optimized.py,release-candidate build,candidate asset,frozen data/code/provenance or release documentation,PUBLIC_INCLUDE_WITH_DOCUMENTATION,Author-approved project-owned/project-generated source; BSD-3-Clause applies to project code only,BSD-3-Clause for project-owned code only,6EEED11BFEA042E66D4E9883AB29ECE15FF17A39F90B69AEA1176BDEE71DD38B,9391,Not public; final author review pending
code/scripts/paper/prepare_m3_figure9_data.py,release-candidate build,candidate asset,frozen data/code/provenance or release documentation,PUBLIC_INCLUDE_WITH_DOCUMENTATION,Author-approved project-owned/project-generated source; BSD-3-Clause applies to project code only,BSD-3-Clause for project-owned code only,A42773338F9C50493E654B5B6F3451B46B49419DC82B775F012286716B6FD2CA,14180,Not public; final author review pending
code/scripts/plot_paper_figure1_station_map.py,release-candidate build,candidate asset,frozen data/code/provenance or release documentation,PUBLIC_INCLUDE_WITH_DOCUMENTATION,Author-approved project-owned/project-generated source; BSD-3-Clause applies to project code only,BSD-3-Clause for project-owned code only,A3B7EDAA34941E8AEAB7C1CBAFCF6400E12C9C2B1998143D433691123B69A13A,8488,Not public; final author review pending
code/scripts/plot_paper_figure2_missing_pattern.py,release-candidate build,candidate asset,frozen data/code/provenance or release documentation,PUBLIC_INCLUDE_WITH_DOCUMENTATION,Author-approved project-owned/project-generated source; BSD-3-Clause applies to project code only,BSD-3-Clause for project-owned code only,6B85D15BF4F7BF105473625DD7CE926D9AB3A1F7F705596C335AAEF5AD510679,14566,Not public; final author review pending
code/scripts/plot_paper_figure3_framework.py,release-candidate build,candidate asset,frozen data/code/provenance or release documentation,PUBLIC_INCLUDE_WITH_DOCUMENTATION,Author-approved project-owned/project-generated source; BSD-3-Clause applies to project code only,BSD-3-Clause for project-owned code only,68B613AD51BFEDAE81B526AFA34B454A3D80A44E6BDC41CA591B484F91B2757D,14036,Not public; final author review pending
code/scripts/plot_paper_figure4_STGNN_architecture_v2.py,release-candidate build,candidate asset,frozen data/code/provenance or release documentation,PUBLIC_INCLUDE_WITH_DOCUMENTATION,Author-approved project-owned/project-generated source; BSD-3-Clause applies to project code only,BSD-3-Clause for project-owned code only,6DB90C906FF6C2ACE7470AA26100F4207CE52CDDB029AF4640BA5C8428C295C4,14247,Not public; final author review pending
code/scripts/plot_paper_figure5_temperature_geographic_reconstruction.py,release-candidate build,candidate asset,frozen data/code/provenance or release documentation,PUBLIC_INCLUDE_WITH_DOCUMENTATION,Author-approved project-owned/project-generated source; BSD-3-Clause applies to project code only,BSD-3-Clause for project-owned code only,6DE047D4487869300059E0ACEA71D1A018DBE0525DDE4B72C0ED31286DE6400D,5730,Not public; final author review pending
code/scripts/plot_paper_figure6_salinity_geographic_reconstruction.py,release-candidate build,candidate asset,frozen data/code/provenance or release documentation,PUBLIC_INCLUDE_WITH_DOCUMENTATION,Author-approved project-owned/project-generated source; BSD-3-Clause applies to project code only,BSD-3-Clause for project-owned code only,41CF15E90CEEB9D11922D6564BC42935735779FEFFB3429374C42BA613B13388,658,Not public; final author review pending
code/scripts/prepare_Figure9_MS3_final_visualization_data.py,release-candidate build,candidate asset,frozen data/code/provenance or release documentation,PUBLIC_INCLUDE_WITH_DOCUMENTATION,Author-approved project-owned/project-generated source; BSD-3-Clause applies to project code only,BSD-3-Clause for project-owned code only,2846F1B34AD30F2FD50B98CCDC56AEE4F22E5D5D9AC6724650858F201BCF3AD6,16020,Not public; final author review pending
code/scripts/prepare_m2_figure8_layout_preview.py,release-candidate build,candidate asset,frozen data/code/provenance or release documentation,PUBLIC_INCLUDE_WITH_DOCUMENTATION,Author-approved project-owned/project-generated source; BSD-3-Clause applies to project code only,BSD-3-Clause for project-owned code only,332BCD162D52EDB1707E96DAA8B340FD4445D4F03CED8B30A6BBE4DB70619F08,4044,Not public; final author review pending
code/src/atlantic_ts/experiments/m2_continuous_gap_execution.py,release-candidate build,candidate asset,frozen data/code/provenance or release documentation,PUBLIC_INCLUDE_WITH_DOCUMENTATION,Author-approved project-owned/project-generated source; BSD-3-Clause applies to project code only,BSD-3-Clause for project-owned code only,24D7F29B7AD4AD0695F7C582ED56F88D144121134E6A33CC68B9D64B0BD3CDEA,10483,Not public; final author review pending
code/src/atlantic_ts/experiments/m2_continuous_gap_masks.py,release-candidate build,candidate asset,frozen data/code/provenance or release documentation,PUBLIC_INCLUDE_WITH_DOCUMENTATION,Author-approved project-owned/project-generated source; BSD-3-Clause applies to project code only,BSD-3-Clause for project-owned code only,4B5743FB34FD7495AF01D6B4ECEA047AD7FFFACF97C0D11D11D10D8ED41A4588,18718,Not public; final author review pending
code/src/atlantic_ts/experiments/m3_dataset_adapter.py,release-candidate build,candidate asset,frozen data/code/provenance or release documentation,PUBLIC_INCLUDE_WITH_DOCUMENTATION,Author-approved project-owned/project-generated source; BSD-3-Clause applies to project code only,BSD-3-Clause for project-owned code only,74FCFBCBD098C6E13C87F6A1A8387B324698372169F3ED9B6F2A68734EAC679E,5672,Not public; final author review pending
code/src/atlantic_ts/experiments/m3_normalization.py,release-candidate build,candidate asset,frozen data/code/provenance or release documentation,PUBLIC_INCLUDE_WITH_DOCUMENTATION,Author-approved project-owned/project-generated source; BSD-3-Clause applies to project code only,BSD-3-Clause for project-owned code only,EED6DCA6723C3F18DE9C3FEFA3AAB32460F3136B96BBAF9E28A9717244198DFC,8976,Not public; final author review pending
code/src/atlantic_ts/experiments/mask_aware_stgnn_v2.py,release-candidate build,candidate asset,frozen data/code/provenance or release documentation,PUBLIC_INCLUDE_WITH_DOCUMENTATION,Author-approved project-owned/project-generated source; BSD-3-Clause applies to project code only,BSD-3-Clause for project-owned code only,F881A4743D9957E6F22EE128F95420141F5DD7E8EF889292AD1F71EAFE36CC80,8158,Not public; final author review pending
code/src/atlantic_ts/experiments/mask_aware_stgnn_v2_fixed_ablation.py,release-candidate build,candidate asset,frozen data/code/provenance or release documentation,PUBLIC_INCLUDE_WITH_DOCUMENTATION,Author-approved project-owned/project-generated source; BSD-3-Clause applies to project code only,BSD-3-Clause for project-owned code only,06423C7AA2F13C9CA559BA2269B2E447779630686486B4C5B52456F6F01986C1,6360,Not public; final author review pending
code/src/atlantic_ts/experiments/masking.py,release-candidate build,candidate asset,frozen data/code/provenance or release documentation,PUBLIC_INCLUDE_WITH_DOCUMENTATION,Author-approved project-owned/project-generated source; BSD-3-Clause applies to project code only,BSD-3-Clause for project-owned code only,E6CB0F587EBB45C7D4EE55F74903D8D777BC6F75395AB06331FA6CA222DFC8C5,647,Not public; final author review pending
code/src/atlantic_ts/experiments/metrics.py,release-candidate build,candidate asset,frozen data/code/provenance or release documentation,PUBLIC_INCLUDE_WITH_DOCUMENTATION,Author-approved project-owned/project-generated source; BSD-3-Clause applies to project code only,BSD-3-Clause for project-owned code only,D143CBAD0CBEB04BCE0EDAD0109A73A769FD7C1D87F9D8F52ABAE5EF00D843D5,1036,Not public; final author review pending
code/src/atlantic_ts/models/algorithm/conditional_lstm_v1.py,release-candidate build,candidate asset,frozen data/code/provenance or release documentation,PUBLIC_INCLUDE_WITH_DOCUMENTATION,Author-approved project-owned/project-generated source; BSD-3-Clause applies to project code only,BSD-3-Clause for project-owned code only,5BC1ECF4FB2F47173E4ACA29AD1510EE47AC4DC7004503209BB7E7C5F3A6A59A,113,Not public; final author review pending
code/src/atlantic_ts/models/algorithm/conditional_stgnn_v1.py,release-candidate build,candidate asset,frozen data/code/provenance or release documentation,PUBLIC_INCLUDE_WITH_DOCUMENTATION,Author-approved project-owned/project-generated source; BSD-3-Clause applies to project code only,BSD-3-Clause for project-owned code only,76EA730EB4FFA67EACAC43CCF23F34311D97E52867C34DBD943F712FFA7E6FC2,114,Not public; final author review pending
code/src/atlantic_ts/models/algorithm/mask_aware_stgnn_v2.py,release-candidate build,candidate asset,frozen data/code/provenance or release documentation,PUBLIC_INCLUDE_WITH_DOCUMENTATION,Author-approved project-owned/project-generated source; BSD-3-Clause applies to project code only,BSD-3-Clause for project-owned code only,E923C83285194474277F60B9F641D683E16EECBA04AADB57E1CCC5793E3ED061,1345,Not public; final author review pending
CODE_OWNERSHIP_MATRIX.csv,release-candidate build,candidate asset,frozen data/code/provenance or release documentation,PUBLIC_INCLUDE,Release metadata,To be verified before public release,73182878FF8CC3B3265E2D4AF27B23A32092E52B3CFE0763E6F2B5D05A7297A1,7951,Not public; final author review pending
data/derived/experiment_masks/masks/M2/m2_continuous_gap_mask_validation.json,REPRODUCIBILITY_PACKAGE or SUPPLEMENTARY_SUBMISSION_PACKAGE,candidate asset,frozen data/code/provenance or release documentation,PUBLIC_INCLUDE_WITH_DOCUMENTATION,Derived/project-owned candidate; license and author confirmation required,To be verified before public release,C05077B7E949D594E9F07AF1831127A06C86A6B9D92DF9DFB5A097BF20845A92,1573,Not public; final author review pending
data/derived/experiment_masks/masks/M2/m2_gap12_mask.nc,REPRODUCIBILITY_PACKAGE or SUPPLEMENTARY_SUBMISSION_PACKAGE,candidate asset,frozen data/code/provenance or release documentation,PUBLIC_INCLUDE_WITH_DOCUMENTATION,Derived/project-owned candidate; license and author confirmation required,To be verified before public release,4EAFECD6965D456F201D4FBC86B94AC75E66F5B3E45B1868C5505F14D02279C6,103952,Not public; final author review pending
data/derived/experiment_masks/masks/M2/m2_gap3_mask.nc,REPRODUCIBILITY_PACKAGE or SUPPLEMENTARY_SUBMISSION_PACKAGE,candidate asset,frozen data/code/provenance or release documentation,PUBLIC_INCLUDE_WITH_DOCUMENTATION,Derived/project-owned candidate; license and author confirmation required,To be verified before public release,588956E31F49C3760615C5296B783E5E3DE7AF6FCEB8525943D07C83F5BF2F9A,103952,Not public; final author review pending
data/derived/experiment_masks/masks/M2/m2_gap6_mask.nc,REPRODUCIBILITY_PACKAGE or SUPPLEMENTARY_SUBMISSION_PACKAGE,candidate asset,frozen data/code/provenance or release documentation,PUBLIC_INCLUDE_WITH_DOCUMENTATION,Derived/project-owned candidate; license and author confirmation required,To be verified before public release,2192CA17C046CCBD3561B0F2854D07CC747F5C4C08E225EEC0042EB1B74673B9,103952,Not public; final author review pending
data/derived/experiment_masks/masks/M2/m2_gap_window_manifest.csv,REPRODUCIBILITY_PACKAGE or SUPPLEMENTARY_SUBMISSION_PACKAGE,candidate asset,frozen data/code/provenance or release documentation,PUBLIC_INCLUDE_WITH_DOCUMENTATION,Derived/project-owned candidate; license and author confirmation required,To be verified before public release,8BDB0A4244569F42AD7EB38F75582C47D8A37F3E13B59BE2113365BD34DE29A4,121856,Not public; final author review pending
data/derived/figure_data/Figure6_Final_Plot_Data.csv,REPRODUCIBILITY_PACKAGE or SUPPLEMENTARY_SUBMISSION_PACKAGE,candidate asset,frozen data/code/provenance or release documentation,PUBLIC_INCLUDE_WITH_DOCUMENTATION,Derived/project-owned candidate; license and author confirmation required,To be verified before public release,0E69068C7FE7CF0AC43D4D3CD6FDA2793CFC9BBC5F2DE73473DDCA74874FE783,123,Not public; final author review pending
data/derived/figure_data/Figure6_V2_Final_Plot_Data.csv,REPRODUCIBILITY_PACKAGE or SUPPLEMENTARY_SUBMISSION_PACKAGE,candidate asset,frozen data/code/provenance or release documentation,PUBLIC_INCLUDE_WITH_DOCUMENTATION,Derived/project-owned candidate; license and author confirmation required,To be verified before public release,DD33CE4D7FB0529A92F57BB4E6C2E1801175C5E275033F3CC05FBFF452278241,12379,Not public; final author review pending
data/derived/figure_data/figure8_plotting_dataset.csv,REPRODUCIBILITY_PACKAGE or SUPPLEMENTARY_SUBMISSION_PACKAGE,candidate asset,frozen data/code/provenance or release documentation,PUBLIC_INCLUDE_WITH_DOCUMENTATION,Derived/project-owned candidate; license and author confirmation required,To be verified before public release,37C8977DF2DFF4C5990FEB3D783A66B7D21AEA2F2ADD448C25258A6EB46050C8,9010,Not public; final author review pending
data/derived/figure_data/FigureS2_selected_timeseries.csv,REPRODUCIBILITY_PACKAGE or SUPPLEMENTARY_SUBMISSION_PACKAGE,candidate asset,frozen data/code/provenance or release documentation,PUBLIC_INCLUDE_WITH_DOCUMENTATION,Derived/project-owned candidate; license and author confirmation required,To be verified before public release,C7E6AFFD36EC91CCF1A3714F859B67E01F85B4ACDBF718860C5287EEB579F23F,12990,Not public; final author review pending
data/derived/predictions/M2_Final_V2_Metrics.csv,REPRODUCIBILITY_PACKAGE or SUPPLEMENTARY_SUBMISSION_PACKAGE,candidate asset,frozen data/code/provenance or release documentation,PUBLIC_INCLUDE_WITH_DOCUMENTATION,Derived/project-owned candidate; license and author confirmation required,To be verified before public release,7E3AC1133D2C0D761CCB79F3C243EF060DDD749D1C7B3070F9263CAA41D60509,4903,Not public; final author review pending
data/derived/predictions/M2_Final_V2_Predictions.csv,REPRODUCIBILITY_PACKAGE or SUPPLEMENTARY_SUBMISSION_PACKAGE,candidate asset,frozen data/code/provenance or release documentation,PUBLIC_INCLUDE_WITH_DOCUMENTATION,Derived/project-owned candidate; license and author confirmation required,To be verified before public release,8A3BA4EC6AB14BE7A1593874FB6BA1A7B3A0C83F12A97DDC705D67C2B2D858B3,87125,Not public; final author review pending
data/derived/predictions/M3_Final_V2_Metrics.csv,REPRODUCIBILITY_PACKAGE or SUPPLEMENTARY_SUBMISSION_PACKAGE,candidate asset,frozen data/code/provenance or release documentation,PUBLIC_INCLUDE_WITH_DOCUMENTATION,Derived/project-owned candidate; license and author confirmation required,To be verified before public release,962957333942BD5177D26D59E65C31D3572C2DCAD62EF518E5AD382AC5F32715,2688,Not public; final author review pending
data/derived/predictions/M3_Final_V2_Predictions.csv,REPRODUCIBILITY_PACKAGE or SUPPLEMENTARY_SUBMISSION_PACKAGE,candidate asset,frozen data/code/provenance or release documentation,PUBLIC_INCLUDE_WITH_DOCUMENTATION,Derived/project-owned candidate; license and author confirmation required,To be verified before public release,8650EF4FB6E0A24262E7E9EAC21AB1D354D2A72F29014C9BC84008AB18577E93,238186,Not public; final author review pending
data/derived/tables/ablation_table.csv,REPRODUCIBILITY_PACKAGE or SUPPLEMENTARY_SUBMISSION_PACKAGE,candidate asset,frozen data/code/provenance or release documentation,PUBLIC_INCLUDE_WITH_DOCUMENTATION,Derived/project-owned candidate; license and author confirmation required,To be verified before public release,1A6B0831C7A3ADDD6141C1380F42927181C3976AC694438DC437F3C78A948CE7,4215,Not public; final author review pending
data/derived/tables/Figure5_Final_Evidence_Summary.csv,REPRODUCIBILITY_PACKAGE or SUPPLEMENTARY_SUBMISSION_PACKAGE,candidate asset,frozen data/code/provenance or release documentation,PUBLIC_INCLUDE_WITH_DOCUMENTATION,Derived/project-owned candidate; license and author confirmation required,To be verified before public release,F372201867041FD848E7C37FBBB68D7F6ACD183C8A9EDCE687AE2539C18C51D0,4753,Not public; final author review pending
data/derived/tables/Figure7_Ablation_Evidence_Manifest.csv,REPRODUCIBILITY_PACKAGE or SUPPLEMENTARY_SUBMISSION_PACKAGE,candidate asset,frozen data/code/provenance or release documentation,PUBLIC_INCLUDE_WITH_DOCUMENTATION,Derived/project-owned candidate; license and author confirmation required,To be verified before public release,339D9CDFB9CF6B4C2F49BEA945C9DA9F22A26830CCDD6C33BFCCE836EC93035A,4060,Not public; final author review pending
data/derived/target_depth_exact/native_observations.csv,REPRODUCIBILITY_PACKAGE or SUPPLEMENTARY_SUBMISSION_PACKAGE,candidate asset,frozen data/code/provenance or release documentation,PUBLIC_INCLUDE_WITH_DOCUMENTATION,Derived/project-owned candidate; license and author confirmation required,To be verified before public release,93F746409F6857A1A4104C0398DFC2ED22A92BA448CD54DED45D03C7EC6957CD,23045830,Not public; final author review pending
data/derived/target_depth_exact/station_depth_variable_coverage.csv,REPRODUCIBILITY_PACKAGE or SUPPLEMENTARY_SUBMISSION_PACKAGE,candidate asset,frozen data/code/provenance or release documentation,PUBLIC_INCLUDE_WITH_DOCUMENTATION,Derived/project-owned candidate; license and author confirmation required,To be verified before public release,AE1D41FBD44314C3E9217D5D90731A4321E183F08221B412DDB836AB8693956E,5858,Not public; final author review pending
data/derived/target_depth_exact/target_depth_native_observations.csv,REPRODUCIBILITY_PACKAGE or SUPPLEMENTARY_SUBMISSION_PACKAGE,candidate asset,frozen data/code/provenance or release documentation,PUBLIC_INCLUDE_WITH_DOCUMENTATION,Derived/project-owned candidate; license and author confirmation required,To be verified before public release,1DFD4D5D45052DAE7447A99BF219089389A2BF89004FDCCEB3CC6A78119D8928,9955921,Not public; final author review pending
data/manifests/raw_file_manifest.csv,REPRODUCIBILITY_PACKAGE or SUPPLEMENTARY_SUBMISSION_PACKAGE,candidate asset,frozen data/code/provenance or release documentation,PUBLIC_INCLUDE,Release metadata,To be verified before public release,1C0DD42C1A75B1DD16F1EE136AAAA797392E76495524FBFDC44E7EECE576A1BA,324,Not public; final author review pending
data/PIRATA_SOURCE_README.md,REPRODUCIBILITY_PACKAGE or SUPPLEMENTARY_SUBMISSION_PACKAGE,candidate asset,frozen data/code/provenance or release documentation,PUBLIC_INCLUDE,Release metadata,To be verified before public release,09B26E312668EEDB0AE029E2AFDF34DA28F96B7A1DDF6AA16D1938A891D549F1,462,Not public; final author review pending
data/WOA23_SOURCE_README.md,REPRODUCIBILITY_PACKAGE or SUPPLEMENTARY_SUBMISSION_PACKAGE,candidate asset,frozen data/code/provenance or release documentation,PUBLIC_INCLUDE,Release metadata,To be verified before public release,8D62CF200888769EC6398477DCEDA8A86A163454860F8E4C9FF4ED816EFCCAEC,317,Not public; final author review pending
DATA_LICENSE_RECOMMENDATION.md,release-candidate build,candidate asset,frozen data/code/provenance or release documentation,PUBLIC_INCLUDE,Release metadata,To be verified before public release,70F8BA7F5D39CFB0A549A448877AED4CFB14CA857742FAF804FB665AF30505E2,476,Not public; final author review pending
DATA_REDISTRIBUTION_POLICY.md,release-candidate build,candidate asset,frozen data/code/provenance or release documentation,PUBLIC_INCLUDE_WITH_DOCUMENTATION,Release documentation or provenance record,To be verified before public release,3A59F323FD78E3CCB6EE9C602E0177E688253149CCC5D8B064EE5CD90B5A7321,690,Not public; final author review pending
DEPENDENCY_LICENSE_MATRIX.csv,release-candidate build,candidate asset,frozen data/code/provenance or release documentation,PUBLIC_INCLUDE,Release metadata,To be verified before public release,1800A8FC19C9EF4B8C18AAB33C78D1961454846059FC3F3EBF8B4FCA2A651D80,1420,Not public; final author review pending
environment/environment.yml,release-candidate build,candidate asset,frozen data/code/provenance or release documentation,PUBLIC_INCLUDE_WITH_DOCUMENTATION,Release documentation or provenance record,To be verified before public release,9C873E75F16011B399998478F5C653B0D94C3782909C1ECBDC53EF4E1427E2D1,291,Not public; final author review pending
environment/ENVIRONMENT_FREEZE.md,release-candidate build,candidate asset,frozen data/code/provenance or release documentation,PUBLIC_INCLUDE_WITH_DOCUMENTATION,Release documentation or provenance record,To be verified before public release,E9462604B09CE57CC87CCB1AB54253D4CED0F6906420623C3BF6B80427511754,819,Not public; final author review pending
environment/requirements.txt,release-candidate build,candidate asset,frozen data/code/provenance or release documentation,PUBLIC_INCLUDE_WITH_DOCUMENTATION,Release documentation or provenance record,To be verified before public release,8BF8EC742B37B70E3902596F1D0D9864DE9859E0E88995BF80A8104467EBA3A0,276,Not public; final author review pending
environment/source_environment_records/Environment_Dependency_Freeze.txt,release-candidate build,candidate asset,frozen data/code/provenance or release documentation,PUBLIC_INCLUDE_WITH_DOCUMENTATION,Release documentation or provenance record,To be verified before public release,797272720DA2991AECBB3201F19EA8F3F906CA23369356DB2542A8B3A9A413AA,198,Not public; final author review pending
environment/source_environment_records/Environment_Final_Report.md,release-candidate build,candidate asset,frozen data/code/provenance or release documentation,PUBLIC_INCLUDE_WITH_DOCUMENTATION,Release documentation or provenance record,To be verified before public release,59918076C27A7D27BEA5ADC8F04BFC280E5E29A5809412C95FEB6AD78D67A8A5,1605,Not public; final author review pending
FINAL_LICENSE_RECOMMENDATION.md,release-candidate build,candidate asset,frozen data/code/provenance or release documentation,PUBLIC_INCLUDE,Release metadata,To be verified before public release,1E496071D11D4FE1917CB086AC3DA31A1A45293CAC757761D078254324D67B38,452,Not public; final author review pending
FINAL_PUBLIC_RELEASE_GATE.md,release-candidate build,candidate asset,frozen data/code/provenance or release documentation,PUBLIC_INCLUDE,Release metadata,To be verified before public release,8EE6CA39E275687018BF160D8019EB0E7A148CFAA087D094AAABA05B7F9DF087,702,Not public; final author review pending
LICENSE,release-candidate build,candidate asset,frozen data/code/provenance or release documentation,PUBLIC_INCLUDE,Release metadata,To be verified before public release,75AE285D107A676FBDE0534EA11FDA33BF95A74AF6D4628EA07A621DD1603D3C,1125,Not public; final author review pending
LICENSE_DECISION.md,release-candidate build,candidate asset,frozen data/code/provenance or release documentation,PUBLIC_INCLUDE_WITH_DOCUMENTATION,Release documentation or provenance record,To be verified before public release,E35C572B025B788F53DE2904C304D99826D962774735FDE01A869B2DDEC1AAF1,764,Not public; final author review pending
provenance/AI_USE_FACTS.md,REPRODUCIBILITY_PACKAGE or SUPPLEMENTARY_SUBMISSION_PACKAGE,candidate asset,frozen data/code/provenance or release documentation,PUBLIC_INCLUDE_WITH_DOCUMENTATION,Release documentation or provenance record,To be verified before public release,6075D6E67E977832C06C3F9F2EEB0B2562478BCE983E72DAA2E7E214EF7B4BDE,611,Not public; final author review pending
provenance/FIGURE_LINEAGE.csv,REPRODUCIBILITY_PACKAGE or SUPPLEMENTARY_SUBMISSION_PACKAGE,candidate asset,frozen data/code/provenance or release documentation,PUBLIC_INCLUDE_WITH_DOCUMENTATION,Release documentation or provenance record,To be verified before public release,5318F899D0B104CF3DE0AC498BC9B54347DD8049A4530FD4869212B465E76C7F,3071,Not public; final author review pending
provenance/REPRODUCIBILITY_NOTES.md,REPRODUCIBILITY_PACKAGE or SUPPLEMENTARY_SUBMISSION_PACKAGE,candidate asset,frozen data/code/provenance or release documentation,PUBLIC_INCLUDE_WITH_DOCUMENTATION,Release documentation or provenance record,To be verified before public release,F9CC353104105EB59FB27292EE65F9E4500395C2697DCB2E028EB92A409E2216,1935,Not public; final author review pending
PUBLIC_RELEASE_AUTHOR_CONFIRMATION.md,release-candidate build,candidate asset,frozen data/code/provenance or release documentation,PUBLIC_INCLUDE,Release metadata,To be verified before public release,FC50BCD784AA5D4C664BDA004CD416C9E1A24D4E86CCA6B74C74D4A0367E1607,939,Not public; final author review pending
PUBLIC_RELEASE_LIMITATIONS.md,release-candidate build,candidate asset,frozen data/code/provenance or release documentation,PUBLIC_INCLUDE_WITH_DOCUMENTATION,Release documentation or provenance record,To be verified before public release,ACAF035FEBF87CFF2B5943139DAB7875A9331A2AC1865CB4A010937756E80781,598,Not public; final author review pending
README.md,release-candidate build,candidate asset,frozen data/code/provenance or release documentation,PUBLIC_INCLUDE_WITH_DOCUMENTATION,Release documentation or provenance record,To be verified before public release,C833638446FD02C4E1377385F864B2BD6C22EAECB284282E62D2050DD8045493,1448,Not public; final author review pending
RELEASE_AUTHOR_METADATA.md,release-candidate build,candidate asset,frozen data/code/provenance or release documentation,PUBLIC_INCLUDE,Release metadata,To be verified before public release,66AD659AF623FF23ADB5BF1271207C5FE113DBF8F56A1CA99ACAD36DBE9133B5,788,Not public; final author review pending
RELEASE_CONTENTS.csv,release-candidate build,candidate asset,frozen data/code/provenance or release documentation,PUBLIC_INCLUDE,Release metadata,To be verified before public release,55A35AB49DDFD884D74C863949755525B3D5FA185D730EAD1B629DFEAD3A6988,32375,Not public; final author review pending
release_docs/CHECKPOINT_POLICY.md,release-candidate build,candidate asset,frozen data/code/provenance or release documentation,PUBLIC_INCLUDE_WITH_DOCUMENTATION,Release documentation or provenance record,To be verified before public release,6EEA382F8392FA03F9872E77F7C2082805179718DCAD9C94FC3FB89FAB9B90D6,553,Not public; final author review pending
release_docs/GITHUB_RELEASE_PLAN.md,release-candidate build,candidate asset,frozen data/code/provenance or release documentation,PUBLIC_INCLUDE_WITH_DOCUMENTATION,Release documentation or provenance record,To be verified before public release,0C5E2DF297E68C3CAEE7948C4146C4BFFD08C09D166546F95FB5121D134E4BE2,838,Not public; final author review pending
release_docs/RELEASE_CHECKLIST.md,release-candidate build,candidate asset,frozen data/code/provenance or release documentation,PUBLIC_INCLUDE_WITH_DOCUMENTATION,Release documentation or provenance record,To be verified before public release,BD61F17EDDE366761EAC9677A3E2B25CC5CF784D4E2329550927D9430E795F34,604,Not public; final author review pending
release_docs/RELEASE_SECURITY_AUDIT.md,release-candidate build,candidate asset,frozen data/code/provenance or release documentation,PUBLIC_INCLUDE_WITH_DOCUMENTATION,Release documentation or provenance record,To be verified before public release,E8D1618A292B56B2AE6251611B776DF93DAB1FF781F6B1381FF273741F06A0F9,875,Not public; final author review pending
release_docs/REPOSITORY_DESCRIPTION.md,release-candidate build,candidate asset,frozen data/code/provenance or release documentation,PUBLIC_INCLUDE_WITH_DOCUMENTATION,Release documentation or provenance record,To be verified before public release,E240CECC53FE4357AA6E8F22E8CA7C81CE68EB07456C169803BD7D66BDF563A9,350,Not public; final author review pending
release_docs/ZENODO_DEPOSIT_PLAN.md,release-candidate build,candidate asset,frozen data/code/provenance or release documentation,PUBLIC_INCLUDE_WITH_DOCUMENTATION,Release documentation or provenance record,To be verified before public release,89895ACB524E9C737387FBDBDDA2E3FB73383ED627E739654D5340A59786B617,728,Not public; final author review pending
RELEASE_REPOSITORY_METADATA.md,release-candidate build,candidate asset,frozen data/code/provenance or release documentation,PUBLIC_INCLUDE,Release metadata,To be verified before public release,B2E610C89AFC3ABCEC1899D5CA7214A888E6F012ED0AF3F95E288C3D7E626CA7,511,Not public; final author review pending
supplementary/metadata/Supplementary_Metadata.xlsx,REPRODUCIBILITY_PACKAGE or SUPPLEMENTARY_SUBMISSION_PACKAGE,candidate asset,frozen data/code/provenance or release documentation,PUBLIC_INCLUDE_WITH_DOCUMENTATION,Derived/project-owned candidate; license and author confirmation required,To be verified before public release,9AC6343B335DBE07A3F83D6E1DBDAB4A6575AB4369CDA1AFE0D7A6B186CF5F1A,8269,Not public; final author review pending
supplementary/tables/Supplementary_Table_S1.xlsx,REPRODUCIBILITY_PACKAGE or SUPPLEMENTARY_SUBMISSION_PACKAGE,candidate asset,frozen data/code/provenance or release documentation,PUBLIC_INCLUDE_WITH_DOCUMENTATION,Derived/project-owned candidate; license and author confirmation required,To be verified before public release,D9A4A3D94C0D479E9555FEE5A438DE1555BE209C89336EE3624FF3F56B8F87D7,11485,Not public; final author review pending
supplementary/tables/Supplementary_Table_S2.xlsx,REPRODUCIBILITY_PACKAGE or SUPPLEMENTARY_SUBMISSION_PACKAGE,candidate asset,frozen data/code/provenance or release documentation,PUBLIC_INCLUDE_WITH_DOCUMENTATION,Derived/project-owned candidate; license and author confirmation required,To be verified before public release,6C0F95CE42EF9A63E2089BBA5BD72C6A8B807C4E2F9F001B8FA0A1544DD9AD76,6927,Not public; final author review pending
supplementary/tables/Supplementary_Table_S3.xlsx,REPRODUCIBILITY_PACKAGE or SUPPLEMENTARY_SUBMISSION_PACKAGE,candidate asset,frozen data/code/provenance or release documentation,PUBLIC_INCLUDE_WITH_DOCUMENTATION,Derived/project-owned candidate; license and author confirmation required,To be verified before public release,0DD98119354A9E34BC93AFA97503F52AF9AACA5FFCC1A45B2B8D7F99DEA2BF22,14824,Not public; final author review pending
THIRD_PARTY_LICENSES.md,release-candidate build,candidate asset,frozen data/code/provenance or release documentation,PUBLIC_INCLUDE_WITH_DOCUMENTATION,Release documentation or provenance record,To be verified before public release,038B5E9CEC2E80DD2E15A464AAD8A481EC577C9526CC8DA123460946FE3D12DC,1284,Not public; final author review pending
FINAL_RELEASE_REVIEW.md,final staging review,release documentation,release review,PUBLIC_INCLUDE,Final pre-submission release review,Project release documentation,E24B90103F60FC59C82FD51EDE09E1D77E8B7CC02E5BC0456364A573C7D2559A,976,Final author review pending
GITHUB_PUBLIC_RELEASE_RECORD.md,final staging release record,release documentation,GitHub publication record,PUBLIC_INCLUDE,Local release record,Project release documentation,96ADC1329E5F2FCA8D408A89CACA6A674D6BB1521C6FDDCC6BCEC8A76C13B36F,1498,Publication deferred; tool blocker recorded
