variant_identity,ablation,variable,depth_m,metric,full_RMSE,variant_RMSE,RMSE_delta_variant_minus_full,result_source,plotted_value_status,classification
mask_aware_stgnn_v2_fixed_no_missingness,fixed_no_missingness,temperature,1,RMSE,1.12501446415,1.09775574379,-0.02725872036,artifacts/algorithm/mask_aware_stgnn_v2_fixed_ablation/fixed_ablation_results.csv,PLOTTED_VALUE_TRACEABLE,PERFORMANCE_DECREASE
mask_aware_stgnn_v2_fixed_no_graph,fixed_no_graph,temperature,1,RMSE,1.12501446415,1.13568621137,0.01067174722,artifacts/algorithm/mask_aware_stgnn_v2_fixed_ablation/fixed_ablation_results.csv,PLOTTED_VALUE_TRACEABLE,CLEAR_CONTRIBUTION
mask_aware_stgnn_v2_fixed_no_missingness,fixed_no_missingness,temperature,20,RMSE,1.033260273,1.04570985578,0.01244958278,artifacts/algorithm/mask_aware_stgnn_v2_fixed_ablation/fixed_ablation_results.csv,PLOTTED_VALUE_TRACEABLE,CLEAR_CONTRIBUTION
mask_aware_stgnn_v2_fixed_no_graph,fixed_no_graph,temperature,20,RMSE,1.033260273,1.18039453053,0.14713425753,artifacts/algorithm/mask_aware_stgnn_v2_fixed_ablation/fixed_ablation_results.csv,PLOTTED_VALUE_TRACEABLE,CLEAR_CONTRIBUTION
mask_aware_stgnn_v2_fixed_no_missingness,fixed_no_missingness,temperature,40,RMSE,1.58076240065,1.81800513576,0.23724273511,artifacts/algorithm/mask_aware_stgnn_v2_fixed_ablation/fixed_ablation_results.csv,PLOTTED_VALUE_TRACEABLE,CLEAR_CONTRIBUTION
mask_aware_stgnn_v2_fixed_no_graph,fixed_no_graph,temperature,40,RMSE,1.58076240065,1.67624110049,0.09547869984,artifacts/algorithm/mask_aware_stgnn_v2_fixed_ablation/fixed_ablation_results.csv,PLOTTED_VALUE_TRACEABLE,CLEAR_CONTRIBUTION
mask_aware_stgnn_v2_fixed_no_missingness,fixed_no_missingness,temperature,120,RMSE,1.53283312484,1.49001644522,-0.04281667962,artifacts/algorithm/mask_aware_stgnn_v2_fixed_ablation/fixed_ablation_results.csv,PLOTTED_VALUE_TRACEABLE,PERFORMANCE_DECREASE
mask_aware_stgnn_v2_fixed_no_graph,fixed_no_graph,temperature,120,RMSE,1.53283312484,1.71842139739,0.18558827255,artifacts/algorithm/mask_aware_stgnn_v2_fixed_ablation/fixed_ablation_results.csv,PLOTTED_VALUE_TRACEABLE,CLEAR_CONTRIBUTION
mask_aware_stgnn_v2_fixed_no_missingness,fixed_no_missingness,salinity,1,RMSE,0.479286101167,0.450941119004,-0.028344982163,artifacts/algorithm/mask_aware_stgnn_v2_fixed_ablation/fixed_ablation_results.csv,PLOTTED_VALUE_TRACEABLE,PERFORMANCE_DECREASE
mask_aware_stgnn_v2_fixed_no_graph,fixed_no_graph,salinity,1,RMSE,0.479286101167,0.48073909992,0.001452998753,artifacts/algorithm/mask_aware_stgnn_v2_fixed_ablation/fixed_ablation_results.csv,PLOTTED_VALUE_TRACEABLE,CLEAR_CONTRIBUTION
mask_aware_stgnn_v2_fixed_no_missingness,fixed_no_missingness,salinity,20,RMSE,0.362039068704,0.374553030352,0.012513961648,artifacts/algorithm/mask_aware_stgnn_v2_fixed_ablation/fixed_ablation_results.csv,PLOTTED_VALUE_TRACEABLE,CLEAR_CONTRIBUTION
mask_aware_stgnn_v2_fixed_no_graph,fixed_no_graph,salinity,20,RMSE,0.362039068704,0.382244142116,0.020205073412,artifacts/algorithm/mask_aware_stgnn_v2_fixed_ablation/fixed_ablation_results.csv,PLOTTED_VALUE_TRACEABLE,CLEAR_CONTRIBUTION
mask_aware_stgnn_v2_fixed_no_missingness,fixed_no_missingness,salinity,40,RMSE,0.275467969222,0.291313695523,0.015845726301,artifacts/algorithm/mask_aware_stgnn_v2_fixed_ablation/fixed_ablation_results.csv,PLOTTED_VALUE_TRACEABLE,CLEAR_CONTRIBUTION
mask_aware_stgnn_v2_fixed_no_graph,fixed_no_graph,salinity,40,RMSE,0.275467969222,0.282929246207,0.007461276985,artifacts/algorithm/mask_aware_stgnn_v2_fixed_ablation/fixed_ablation_results.csv,PLOTTED_VALUE_TRACEABLE,CLEAR_CONTRIBUTION
mask_aware_stgnn_v2_fixed_no_missingness,fixed_no_missingness,salinity,120,RMSE,0.23701373114,0.238632097161,0.001618366021,artifacts/algorithm/mask_aware_stgnn_v2_fixed_ablation/fixed_ablation_results.csv,PLOTTED_VALUE_TRACEABLE,CLEAR_CONTRIBUTION
mask_aware_stgnn_v2_fixed_no_graph,fixed_no_graph,salinity,120,RMSE,0.23701373114,0.239420760656,0.002407029516,artifacts/algorithm/mask_aware_stgnn_v2_fixed_ablation/fixed_ablation_results.csv,PLOTTED_VALUE_TRACEABLE,CLEAR_CONTRIBUTION
