aggregation_level,gap_length_months,variable,depth_m,station,RMSE,MAE,R2,N
overall_gap_length,3,,,,1.25425752347,0.640837021139,0.969967390773,24
overall_gap_length,6,,,,1.91174134752,1.03860580783,0.928666235963,48
overall_gap_length,12,,,,1.94170626415,1.1535482055,0.926349494664,96
station_case,3,salinity,,0n0e,0.0854929743005,0.0832509649475,0.862849189769,3
station_case,3,salinity,,0n23w,0.196268401436,0.161332395167,-7.17034960789,3
station_case,3,salinity,,15n38w,0.136922231213,0.0982639185855,-5.7561630634,3
station_case,3,salinity,,6s10w,0.263528978222,0.256267486594,-9.10296304091,3
station_case,3,temperature,,0n10w,0.117380953401,0.102802576244,0.989060295761,3
station_case,3,temperature,,12n23w,3.33755036503,3.3107445752,-2.58989900272,3
station_case,3,temperature,,20n38w,0.130441156432,0.121295533868,0.623103371322,3
station_case,3,temperature,,21n23w,1.13191620931,0.992738718504,-7.15995702693,3
station_case,6,salinity,,0n0e,0.545147892387,0.474458317305,-1.01036363774,6
station_case,6,salinity,,0n23w,0.210736858361,0.183382847436,-1.39764104828,6
station_case,6,salinity,,15n38w,0.621145921117,0.538793918264,-37.6748228038,6
station_case,6,salinity,,6s10w,0.185853037827,0.166277648773,-0.310003883564,6
station_case,6,temperature,,0n10w,0.869727720606,0.694922754898,0.231056597643,6
station_case,6,temperature,,12n23w,5.02064057161,4.55042860041,-8.26317469899,6
station_case,6,temperature,,20n38w,0.740168721888,0.530724529555,-0.19930197718,6
station_case,6,temperature,,21n23w,1.40177465716,1.16985784597,-3.53580975733,6
station_case,12,salinity,,0n0e,0.823099525436,0.739929492715,-2.93173213326,12
station_case,12,salinity,,0n23w,0.143576437463,0.104079958988,0.106058240931,12
station_case,12,salinity,,15n38w,0.910425083963,0.799775325608,-16.7687480729,12
station_case,12,salinity,,6s10w,0.257490090256,0.223051268835,-0.522103283907,12
station_case,12,temperature,,0n10w,0.717651981223,0.578696108115,0.612741562444,12
station_case,12,temperature,,12n23w,4.94971473991,4.47567792938,-13.0787058837,12
station_case,12,temperature,,20n38w,1.38908879017,1.17487329514,-0.889867461528,12
station_case,12,temperature,,21n23w,1.2744550553,1.13230226521,-0.829721047483,12
variable_depth_gap_length,3,salinity,1.0,,0.0854929743005,0.0832509649475,0.862849189769,3
variable_depth_gap_length,3,salinity,20.0,,0.263528978222,0.256267486594,-9.10296304091,3
variable_depth_gap_length,3,salinity,40.0,,0.196268401436,0.161332395167,-7.17034960789,3
variable_depth_gap_length,3,salinity,120.0,,0.136922231213,0.0982639185855,-5.7561630634,3
variable_depth_gap_length,3,temperature,1.0,,0.117380953401,0.102802576244,0.989060295761,3
variable_depth_gap_length,3,temperature,20.0,,0.130441156432,0.121295533868,0.623103371322,3
variable_depth_gap_length,3,temperature,40.0,,3.33755036503,3.3107445752,-2.58989900272,3
variable_depth_gap_length,3,temperature,120.0,,1.13191620931,0.992738718504,-7.15995702693,3
variable_depth_gap_length,6,salinity,1.0,,0.545147892387,0.474458317305,-1.01036363774,6
variable_depth_gap_length,6,salinity,20.0,,0.185853037827,0.166277648773,-0.310003883564,6
variable_depth_gap_length,6,salinity,40.0,,0.210736858361,0.183382847436,-1.39764104828,6
variable_depth_gap_length,6,salinity,120.0,,0.621145921117,0.538793918264,-37.6748228038,6
variable_depth_gap_length,6,temperature,1.0,,0.869727720606,0.694922754898,0.231056597643,6
variable_depth_gap_length,6,temperature,20.0,,0.740168721888,0.530724529555,-0.19930197718,6
variable_depth_gap_length,6,temperature,40.0,,5.02064057161,4.55042860041,-8.26317469899,6
variable_depth_gap_length,6,temperature,120.0,,1.40177465716,1.16985784597,-3.53580975733,6
variable_depth_gap_length,12,salinity,1.0,,0.823099525436,0.739929492715,-2.93173213326,12
variable_depth_gap_length,12,salinity,20.0,,0.257490090256,0.223051268835,-0.522103283907,12
variable_depth_gap_length,12,salinity,40.0,,0.143576437463,0.104079958988,0.106058240931,12
variable_depth_gap_length,12,salinity,120.0,,0.910425083963,0.799775325608,-16.7687480729,12
variable_depth_gap_length,12,temperature,1.0,,0.717651981223,0.578696108115,0.612741562444,12
variable_depth_gap_length,12,temperature,20.0,,1.38908879017,1.17487329514,-0.889867461528,12
variable_depth_gap_length,12,temperature,40.0,,4.94971473991,4.47567792938,-13.0787058837,12
variable_depth_gap_length,12,temperature,120.0,,1.2744550553,1.13230226521,-0.829721047483,12
variable_gap_length,3,salinity,,,0.183047503274,0.149778691324,0.922100231989,12
variable_gap_length,3,temperature,,,1.76431785172,1.13189535095,0.827598397512,12
variable_gap_length,6,salinity,,,0.436451559465,0.340728182944,0.709445769912,24
variable_gap_length,6,temperature,,,2.66814917048,1.73648343271,0.586956188524,24
variable_gap_length,12,salinity,,,0.63112637448,0.466709011537,0.342871156433,48
variable_gap_length,12,temperature,,,2.67247561858,1.84038739946,0.486731282297,48
