gap_id,gap_length_months,target_id,station,time,variable,depth_m,observed_value,prediction,residual,absolute_error,squared_error,model_name,checkpoint_path,checkpoint_sha256,mask_status,python_version,torch_version,device,prediction_status
m2v2-s20260815-0n0e-salinity-1p0-L3-2020-09,3,file-e7495748d6c3d14949180bceabb26fc35a5f90c9ec1d63e470d389957926e656|S_NaN_0n0e|0|269,0n0e,2020-07-01 00:00:00,salinity,1.0,34.876651763916016,34.96624846659852,0.08959670268250619,0.08959670268250619,0.008027569131577412,Mask-aware STGNN v2,artifacts/algorithm/v21_reliability_gate/checkpoint/mask_aware_stgnn_v2_full__salinity__1p0m.pt,9f9ad973b287d8cb100f4c2d7e83dcf411eef55b095a9dd97c0970bfb6031ca7,HIDDEN_M2_FINAL,3.12.10,2.4.1+cpu,CPU,VERIFIED_INFERENCE
m2v2-s20260815-0n0e-salinity-1p0-L3-2020-09,3,file-e7495748d6c3d14949180bceabb26fc35a5f90c9ec1d63e470d389957926e656|S_NaN_0n0e|0|270,0n0e,2020-08-01 00:00:00,salinity,1.0,35.171836853027344,35.27509440001817,0.10325754699082523,0.10325754699082523,0.010662121010562482,Mask-aware STGNN v2,artifacts/algorithm/v21_reliability_gate/checkpoint/mask_aware_stgnn_v2_full__salinity__1p0m.pt,9f9ad973b287d8cb100f4c2d7e83dcf411eef55b095a9dd97c0970bfb6031ca7,HIDDEN_M2_FINAL,3.12.10,2.4.1+cpu,CPU,VERIFIED_INFERENCE
m2v2-s20260815-0n0e-salinity-1p0-L3-2020-09,3,file-e7495748d6c3d14949180bceabb26fc35a5f90c9ec1d63e470d389957926e656|S_NaN_0n0e|0|271,0n0e,2020-09-01 00:00:00,salinity,1.0,35.441932678222656,35.38503403305355,-0.05689864516910603,0.05689864516910603,0.0032374558220798332,Mask-aware STGNN v2,artifacts/algorithm/v21_reliability_gate/checkpoint/mask_aware_stgnn_v2_full__salinity__1p0m.pt,9f9ad973b287d8cb100f4c2d7e83dcf411eef55b095a9dd97c0970bfb6031ca7,HIDDEN_M2_FINAL,3.12.10,2.4.1+cpu,CPU,VERIFIED_INFERENCE
m2v2-s20260815-6s10w-salinity-20p0-L3-2022-11,3,file-d7268202d1f7a24c8436c0b1b27200db25a73c9ad8d8e12caf4ce0bf0c6481c3|S_NaN_6s10w|3|270,6s10w,2022-09-01 00:00:00,salinity,20.0,35.9235954284668,35.70414422307022,-0.2194512053965738,0.2194512053965738,0.048158831550009225,Mask-aware STGNN v2,artifacts/algorithm/v21_reliability_gate/checkpoint/mask_aware_stgnn_v2_full__salinity__20p0m.pt,56441f1f1ddb86e29971713034ba0bc0d830b46c029c4aaa9cfb735b9e859df9,HIDDEN_M2_FINAL,3.12.10,2.4.1+cpu,CPU,VERIFIED_INFERENCE
m2v2-s20260815-6s10w-salinity-20p0-L3-2022-11,3,file-d7268202d1f7a24c8436c0b1b27200db25a73c9ad8d8e12caf4ce0bf0c6481c3|S_NaN_6s10w|3|271,6s10w,2022-10-01 00:00:00,salinity,20.0,35.9527702331543,35.74625007232513,-0.20652016082916447,0.20652016082916447,0.042650576828903955,Mask-aware STGNN v2,artifacts/algorithm/v21_reliability_gate/checkpoint/mask_aware_stgnn_v2_full__salinity__20p0m.pt,56441f1f1ddb86e29971713034ba0bc0d830b46c029c4aaa9cfb735b9e859df9,HIDDEN_M2_FINAL,3.12.10,2.4.1+cpu,CPU,VERIFIED_INFERENCE
m2v2-s20260815-6s10w-salinity-20p0-L3-2022-11,3,file-d7268202d1f7a24c8436c0b1b27200db25a73c9ad8d8e12caf4ce0bf0c6481c3|S_NaN_6s10w|3|272,6s10w,2022-11-01 00:00:00,salinity,20.0,36.11223602294922,35.76940492939232,-0.3428310935568959,0.3428310935568959,0.11753315870941711,Mask-aware STGNN v2,artifacts/algorithm/v21_reliability_gate/checkpoint/mask_aware_stgnn_v2_full__salinity__20p0m.pt,56441f1f1ddb86e29971713034ba0bc0d830b46c029c4aaa9cfb735b9e859df9,HIDDEN_M2_FINAL,3.12.10,2.4.1+cpu,CPU,VERIFIED_INFERENCE
m2v2-s20260815-0n23w-salinity-40p0-L3-2023-06,3,file-eb3face3dd7e54920bba56f362bcd9e3a7c90163d3a57a3cefe106800d82765b|S_NaN_0n23w|4|289,0n23w,2023-04-01 00:00:00,salinity,40.0,36.32072448730469,36.31710105116681,-0.003623436137878855,0.003623436137878855,1.3129289445286431e-05,Mask-aware STGNN v2,artifacts/algorithm/v21_reliability_gate/checkpoint/mask_aware_stgnn_v2_full__salinity__40p0m.pt,ae511c57847ea9b66791fa4f3700d76438be9d8f50966ddfbf0b7391f7d403f5,HIDDEN_M2_FINAL,3.12.10,2.4.1+cpu,CPU,VERIFIED_INFERENCE
m2v2-s20260815-0n23w-salinity-40p0-L3-2023-06,3,file-eb3face3dd7e54920bba56f362bcd9e3a7c90163d3a57a3cefe106800d82765b|S_NaN_0n23w|4|290,0n23w,2023-05-01 00:00:00,salinity,40.0,36.483585357666016,36.25265206009915,-0.23093329756686387,0.23093329756686387,0.053330187925105695,Mask-aware STGNN v2,artifacts/algorithm/v21_reliability_gate/checkpoint/mask_aware_stgnn_v2_full__salinity__40p0m.pt,ae511c57847ea9b66791fa4f3700d76438be9d8f50966ddfbf0b7391f7d403f5,HIDDEN_M2_FINAL,3.12.10,2.4.1+cpu,CPU,VERIFIED_INFERENCE
m2v2-s20260815-0n23w-salinity-40p0-L3-2023-06,3,file-eb3face3dd7e54920bba56f362bcd9e3a7c90163d3a57a3cefe106800d82765b|S_NaN_0n23w|4|291,0n23w,2023-06-01 00:00:00,salinity,40.0,36.43853759765625,36.18909714585981,-0.24944045179643837,0.24944045179643837,0.06222053899241129,Mask-aware STGNN v2,artifacts/algorithm/v21_reliability_gate/checkpoint/mask_aware_stgnn_v2_full__salinity__40p0m.pt,ae511c57847ea9b66791fa4f3700d76438be9d8f50966ddfbf0b7391f7d403f5,HIDDEN_M2_FINAL,3.12.10,2.4.1+cpu,CPU,VERIFIED_INFERENCE
m2v2-s20260815-15n38w-salinity-120p0-L3-2023-06,3,file-77ba2841bc553da2f2567dd46ab978a8349ad9df384f112837502d3ddc94959f|S_NaN_15n38w|7|302,15n38w,2023-04-01 00:00:00,salinity,120.0,36.84696960449219,37.077441957847476,0.23047235335528882,0.23047235335528882,0.05311750566112511,Mask-aware STGNN v2,artifacts/algorithm/v21_reliability_gate/checkpoint/mask_aware_stgnn_v2_full__salinity__120p0m.pt,83a21266d35a5b4e0733ddb7145cfcaff6113b0aaba58c133e4f069665e25a00,HIDDEN_M2_FINAL,3.12.10,2.4.1+cpu,CPU,VERIFIED_INFERENCE
m2v2-s20260815-15n38w-salinity-120p0-L3-2023-06,3,file-77ba2841bc553da2f2567dd46ab978a8349ad9df384f112837502d3ddc94959f|S_NaN_15n38w|7|303,15n38w,2023-05-01 00:00:00,salinity,120.0,36.97354507446289,36.982714628024105,0.009169553561214627,0.009169553561214627,8.408071251198386e-05,Mask-aware STGNN v2,artifacts/algorithm/v21_reliability_gate/checkpoint/mask_aware_stgnn_v2_full__salinity__120p0m.pt,83a21266d35a5b4e0733ddb7145cfcaff6113b0aaba58c133e4f069665e25a00,HIDDEN_M2_FINAL,3.12.10,2.4.1+cpu,CPU,VERIFIED_INFERENCE
m2v2-s20260815-15n38w-salinity-120p0-L3-2023-06,3,file-77ba2841bc553da2f2567dd46ab978a8349ad9df384f112837502d3ddc94959f|S_NaN_15n38w|7|304,15n38w,2023-06-01 00:00:00,salinity,120.0,36.93196105957031,36.87681121073027,-0.05514984884004548,0.05514984884004548,0.003041505827079866,Mask-aware STGNN v2,artifacts/algorithm/v21_reliability_gate/checkpoint/mask_aware_stgnn_v2_full__salinity__120p0m.pt,83a21266d35a5b4e0733ddb7145cfcaff6113b0aaba58c133e4f069665e25a00,HIDDEN_M2_FINAL,3.12.10,2.4.1+cpu,CPU,VERIFIED_INFERENCE
m2v2-s20260815-0n10w-temperature-1p0-L3-2022-06,3,file-217650acacfcbffad6e9b711858e86bda0cf26fe9605153945ee3ac3a9d7e21c|T_NaN_0n10w|0|295,0n10w,2022-04-01 00:00:00,temperature,1.0,28.711666107177734,28.736532951244662,0.02486684406692774,0.02486684406692774,0.0006183599338488993,Mask-aware STGNN v2,artifacts/algorithm/v21_reliability_gate/checkpoint/mask_aware_stgnn_v2_full__temperature__1p0m.pt,3a375aeaf655cfd8e3adb2c78475b52a62bcc65a87d3f0da265a53fd8d5ab165,HIDDEN_M2_FINAL,3.12.10,2.4.1+cpu,CPU,VERIFIED_INFERENCE
m2v2-s20260815-0n10w-temperature-1p0-L3-2022-06,3,file-217650acacfcbffad6e9b711858e86bda0cf26fe9605153945ee3ac3a9d7e21c|T_NaN_0n10w|0|296,0n10w,2022-05-01 00:00:00,temperature,1.0,27.38871192932129,27.263047201690345,-0.12566472763094438,0.12566472763094438,0.015791623770559437,Mask-aware STGNN v2,artifacts/algorithm/v21_reliability_gate/checkpoint/mask_aware_stgnn_v2_full__temperature__1p0m.pt,3a375aeaf655cfd8e3adb2c78475b52a62bcc65a87d3f0da265a53fd8d5ab165,HIDDEN_M2_FINAL,3.12.10,2.4.1+cpu,CPU,VERIFIED_INFERENCE
m2v2-s20260815-0n10w-temperature-1p0-L3-2022-06,3,file-217650acacfcbffad6e9b711858e86bda0cf26fe9605153945ee3ac3a9d7e21c|T_NaN_0n10w|0|297,0n10w,2022-06-01 00:00:00,temperature,1.0,25.963329315185547,25.805453158151494,-0.15787615703405322,0.15787615703405322,0.024924880959841033,Mask-aware STGNN v2,artifacts/algorithm/v21_reliability_gate/checkpoint/mask_aware_stgnn_v2_full__temperature__1p0m.pt,3a375aeaf655cfd8e3adb2c78475b52a62bcc65a87d3f0da265a53fd8d5ab165,HIDDEN_M2_FINAL,3.12.10,2.4.1+cpu,CPU,VERIFIED_INFERENCE
m2v2-s20260815-20n38w-temperature-20p0-L3-2022-11,3,file-25ba08789a1a03a344e58d0b6df84a01709a0cf66916dbff7e747af661b636af|T_NaN_20n38w|4|183,20n38w,2022-09-01 00:00:00,temperature,20.0,26.705995559692383,26.863430836832553,0.15743527714016992,0.15743527714016992,0.024785866488202107,Mask-aware STGNN v2,artifacts/algorithm/v21_reliability_gate/checkpoint/mask_aware_stgnn_v2_full__temperature__20p0m.pt,9b19409827eceabffc2604de2c4cbd26e28df14abdd2fd35c8b3490e3ff75fd2,HIDDEN_M2_FINAL,3.12.10,2.4.1+cpu,CPU,VERIFIED_INFERENCE
m2v2-s20260815-20n38w-temperature-20p0-L3-2022-11,3,file-25ba08789a1a03a344e58d0b6df84a01709a0cf66916dbff7e747af661b636af|T_NaN_20n38w|4|184,20n38w,2022-10-01 00:00:00,temperature,20.0,27.003870010375977,27.0573576353575,0.05348762498152482,0.05348762498152482,0.0028609260261642376,Mask-aware STGNN v2,artifacts/algorithm/v21_reliability_gate/checkpoint/mask_aware_stgnn_v2_full__temperature__20p0m.pt,9b19409827eceabffc2604de2c4cbd26e28df14abdd2fd35c8b3490e3ff75fd2,HIDDEN_M2_FINAL,3.12.10,2.4.1+cpu,CPU,VERIFIED_INFERENCE
m2v2-s20260815-20n38w-temperature-20p0-L3-2022-11,3,file-25ba08789a1a03a344e58d0b6df84a01709a0cf66916dbff7e747af661b636af|T_NaN_20n38w|4|185,20n38w,2022-11-01 00:00:00,temperature,20.0,26.485332489013672,26.638296188496675,0.1529636994830028,0.1529636994830028,0.023397893359526394,Mask-aware STGNN v2,artifacts/algorithm/v21_reliability_gate/checkpoint/mask_aware_stgnn_v2_full__temperature__20p0m.pt,9b19409827eceabffc2604de2c4cbd26e28df14abdd2fd35c8b3490e3ff75fd2,HIDDEN_M2_FINAL,3.12.10,2.4.1+cpu,CPU,VERIFIED_INFERENCE
m2v2-s20260815-12n23w-temperature-40p0-L3-2020-11,3,file-ced969c0ab43418205c85e3a42b41e1d8a79ee659db91f55ce10202939437bef|T_NaN_12n23w|5|171,12n23w,2020-09-01 00:00:00,temperature,40.0,17.717998504638672,20.99613196571782,3.278133461079147,3.278133461079147,10.746158988646746,Mask-aware STGNN v2,artifacts/algorithm/v21_reliability_gate/checkpoint/mask_aware_stgnn_v2_full__temperature__40p0m.pt,db3dbe4d0aa36281c6a1f6cb252eae2babc2d643e474ff5fff049c81532b31b0,HIDDEN_M2_FINAL,3.12.10,2.4.1+cpu,CPU,VERIFIED_INFERENCE
m2v2-s20260815-12n23w-temperature-40p0-L3-2020-11,3,file-ced969c0ab43418205c85e3a42b41e1d8a79ee659db91f55ce10202939437bef|T_NaN_12n23w|5|172,12n23w,2020-10-01 00:00:00,temperature,40.0,19.766128540039062,23.609435954843814,3.8433074148047517,3.8433074148047517,14.771011884693184,Mask-aware STGNN v2,artifacts/algorithm/v21_reliability_gate/checkpoint/mask_aware_stgnn_v2_full__temperature__40p0m.pt,db3dbe4d0aa36281c6a1f6cb252eae2babc2d643e474ff5fff049c81532b31b0,HIDDEN_M2_FINAL,3.12.10,2.4.1+cpu,CPU,VERIFIED_INFERENCE
m2v2-s20260815-12n23w-temperature-40p0-L3-2020-11,3,file-ced969c0ab43418205c85e3a42b41e1d8a79ee659db91f55ce10202939437bef|T_NaN_12n23w|5|173,12n23w,2020-11-01 00:00:00,temperature,40.0,22.0310001373291,24.841792987044773,2.8107928497156713,2.8107928497156713,7.900556444012745,Mask-aware STGNN v2,artifacts/algorithm/v21_reliability_gate/checkpoint/mask_aware_stgnn_v2_full__temperature__40p0m.pt,db3dbe4d0aa36281c6a1f6cb252eae2babc2d643e474ff5fff049c81532b31b0,HIDDEN_M2_FINAL,3.12.10,2.4.1+cpu,CPU,VERIFIED_INFERENCE
m2v2-s20260815-21n23w-temperature-120p0-L3-2024-02,3,file-d7c8fcbf4deac44b8d35f5b25d86e9bd738c4446e9c009459b78c5137e95ba88|T_NaN_21n23w|8|198,21n23w,2023-12-01 00:00:00,temperature,120.0,17.696773529052734,17.225789837715215,-0.47098369133751916,0.47098369133751916,0.22182563750591552,Mask-aware STGNN v2,artifacts/algorithm/v21_reliability_gate/checkpoint/mask_aware_stgnn_v2_full__temperature__120p0m.pt,8cc82b27d56707b41d9bc008edba0ba11446e8f1f2647b6f16039435523d7443,HIDDEN_M2_FINAL,3.12.10,2.4.1+cpu,CPU,VERIFIED_INFERENCE
m2v2-s20260815-21n23w-temperature-120p0-L3-2024-02,3,file-d7c8fcbf4deac44b8d35f5b25d86e9bd738c4446e9c009459b78c5137e95ba88|T_NaN_21n23w|8|199,21n23w,2024-01-01 00:00:00,temperature,120.0,17.790647506713867,17.026301119652807,-0.7643463870610603,0.7643463870610603,0.5842253994132962,Mask-aware STGNN v2,artifacts/algorithm/v21_reliability_gate/checkpoint/mask_aware_stgnn_v2_full__temperature__120p0m.pt,8cc82b27d56707b41d9bc008edba0ba11446e8f1f2647b6f16039435523d7443,HIDDEN_M2_FINAL,3.12.10,2.4.1+cpu,CPU,VERIFIED_INFERENCE
m2v2-s20260815-21n23w-temperature-120p0-L3-2024-02,3,file-d7c8fcbf4deac44b8d35f5b25d86e9bd738c4446e9c009459b78c5137e95ba88|T_NaN_21n23w|8|200,21n23w,2024-02-01 00:00:00,temperature,120.0,18.580345153808594,16.83745907669457,-1.7428860771140222,1.7428860771140222,3.0376518777979054,Mask-aware STGNN v2,artifacts/algorithm/v21_reliability_gate/checkpoint/mask_aware_stgnn_v2_full__temperature__120p0m.pt,8cc82b27d56707b41d9bc008edba0ba11446e8f1f2647b6f16039435523d7443,HIDDEN_M2_FINAL,3.12.10,2.4.1+cpu,CPU,VERIFIED_INFERENCE
m2v2-s20260815-0n0e-salinity-1p0-L6-2020-09,6,file-e7495748d6c3d14949180bceabb26fc35a5f90c9ec1d63e470d389957926e656|S_NaN_0n0e|0|266,0n0e,2020-04-01 00:00:00,salinity,1.0,34.46065902709961,34.8997949923626,0.4391359652629916,0.4391359652629916,0.19284039598745936,Mask-aware STGNN v2,artifacts/algorithm/v21_reliability_gate/checkpoint/mask_aware_stgnn_v2_full__salinity__1p0m.pt,9f9ad973b287d8cb100f4c2d7e83dcf411eef55b095a9dd97c0970bfb6031ca7,HIDDEN_M2_FINAL,3.12.10,2.4.1+cpu,CPU,VERIFIED_INFERENCE
m2v2-s20260815-0n0e-salinity-1p0-L6-2020-09,6,file-e7495748d6c3d14949180bceabb26fc35a5f90c9ec1d63e470d389957926e656|S_NaN_0n0e|0|267,0n0e,2020-05-01 00:00:00,salinity,1.0,34.321388244628906,35.21043078925939,0.8890425446304846,0.8890425446304846,0.7903966461630472,Mask-aware STGNN v2,artifacts/algorithm/v21_reliability_gate/checkpoint/mask_aware_stgnn_v2_full__salinity__1p0m.pt,9f9ad973b287d8cb100f4c2d7e83dcf411eef55b095a9dd97c0970bfb6031ca7,HIDDEN_M2_FINAL,3.12.10,2.4.1+cpu,CPU,VERIFIED_INFERENCE
m2v2-s20260815-0n0e-salinity-1p0-L6-2020-09,6,file-e7495748d6c3d14949180bceabb26fc35a5f90c9ec1d63e470d389957926e656|S_NaN_0n0e|0|268,0n0e,2020-06-01 00:00:00,salinity,1.0,34.813899993896484,35.391249677831325,0.5773496839348411,0.5773496839348411,0.3333326575396609,Mask-aware STGNN v2,artifacts/algorithm/v21_reliability_gate/checkpoint/mask_aware_stgnn_v2_full__salinity__1p0m.pt,9f9ad973b287d8cb100f4c2d7e83dcf411eef55b095a9dd97c0970bfb6031ca7,HIDDEN_M2_FINAL,3.12.10,2.4.1+cpu,CPU,VERIFIED_INFERENCE
m2v2-s20260815-0n0e-salinity-1p0-L6-2020-09,6,file-e7495748d6c3d14949180bceabb26fc35a5f90c9ec1d63e470d389957926e656|S_NaN_0n0e|0|269,0n0e,2020-07-01 00:00:00,salinity,1.0,34.876651763916016,35.479925477150424,0.6032737132344081,0.6032737132344081,0.3639391730796309,Mask-aware STGNN v2,artifacts/algorithm/v21_reliability_gate/checkpoint/mask_aware_stgnn_v2_full__salinity__1p0m.pt,9f9ad973b287d8cb100f4c2d7e83dcf411eef55b095a9dd97c0970bfb6031ca7,HIDDEN_M2_FINAL,3.12.10,2.4.1+cpu,CPU,VERIFIED_INFERENCE
m2v2-s20260815-0n0e-salinity-1p0-L6-2020-09,6,file-e7495748d6c3d14949180bceabb26fc35a5f90c9ec1d63e470d389957926e656|S_NaN_0n0e|0|270,0n0e,2020-08-01 00:00:00,salinity,1.0,35.171836853027344,35.49164859605362,0.31981174302627835,0.31981174302627835,0.1022795509775063,Mask-aware STGNN v2,artifacts/algorithm/v21_reliability_gate/checkpoint/mask_aware_stgnn_v2_full__salinity__1p0m.pt,9f9ad973b287d8cb100f4c2d7e83dcf411eef55b095a9dd97c0970bfb6031ca7,HIDDEN_M2_FINAL,3.12.10,2.4.1+cpu,CPU,VERIFIED_INFERENCE
m2v2-s20260815-0n0e-salinity-1p0-L6-2020-09,6,file-e7495748d6c3d14949180bceabb26fc35a5f90c9ec1d63e470d389957926e656|S_NaN_0n0e|0|271,0n0e,2020-09-01 00:00:00,salinity,1.0,35.441932678222656,35.46006893196115,0.018136253738497032,0.018136253738497032,0.0003289236996671476,Mask-aware STGNN v2,artifacts/algorithm/v21_reliability_gate/checkpoint/mask_aware_stgnn_v2_full__salinity__1p0m.pt,9f9ad973b287d8cb100f4c2d7e83dcf411eef55b095a9dd97c0970bfb6031ca7,HIDDEN_M2_FINAL,3.12.10,2.4.1+cpu,CPU,VERIFIED_INFERENCE
m2v2-s20260815-6s10w-salinity-20p0-L6-2022-11,6,file-d7268202d1f7a24c8436c0b1b27200db25a73c9ad8d8e12caf4ce0bf0c6481c3|S_NaN_6s10w|3|267,6s10w,2022-06-01 00:00:00,salinity,20.0,35.57530212402344,35.60239322155256,0.027091097529122976,0.027091097529122976,0.000733927565332453,Mask-aware STGNN v2,artifacts/algorithm/v21_reliability_gate/checkpoint/mask_aware_stgnn_v2_full__salinity__20p0m.pt,56441f1f1ddb86e29971713034ba0bc0d830b46c029c4aaa9cfb735b9e859df9,HIDDEN_M2_FINAL,3.12.10,2.4.1+cpu,CPU,VERIFIED_INFERENCE
m2v2-s20260815-6s10w-salinity-20p0-L6-2022-11,6,file-d7268202d1f7a24c8436c0b1b27200db25a73c9ad8d8e12caf4ce0bf0c6481c3|S_NaN_6s10w|3|268,6s10w,2022-07-01 00:00:00,salinity,20.0,35.83554458618164,35.70245746411637,-0.13308712206526963,0.13308712206526963,0.01771218205961598,Mask-aware STGNN v2,artifacts/algorithm/v21_reliability_gate/checkpoint/mask_aware_stgnn_v2_full__salinity__20p0m.pt,56441f1f1ddb86e29971713034ba0bc0d830b46c029c4aaa9cfb735b9e859df9,HIDDEN_M2_FINAL,3.12.10,2.4.1+cpu,CPU,VERIFIED_INFERENCE
m2v2-s20260815-6s10w-salinity-20p0-L6-2022-11,6,file-d7268202d1f7a24c8436c0b1b27200db25a73c9ad8d8e12caf4ce0bf0c6481c3|S_NaN_6s10w|3|269,6s10w,2022-08-01 00:00:00,salinity,20.0,35.93193817138672,35.74300258096871,-0.1889355904180121,0.1889355904180121,0.03569665732660283,Mask-aware STGNN v2,artifacts/algorithm/v21_reliability_gate/checkpoint/mask_aware_stgnn_v2_full__salinity__20p0m.pt,56441f1f1ddb86e29971713034ba0bc0d830b46c029c4aaa9cfb735b9e859df9,HIDDEN_M2_FINAL,3.12.10,2.4.1+cpu,CPU,VERIFIED_INFERENCE
m2v2-s20260815-6s10w-salinity-20p0-L6-2022-11,6,file-d7268202d1f7a24c8436c0b1b27200db25a73c9ad8d8e12caf4ce0bf0c6481c3|S_NaN_6s10w|3|270,6s10w,2022-09-01 00:00:00,salinity,20.0,35.9235954284668,35.758267754638716,-0.1653276738280809,0.1653276738280809,0.0273332397334043,Mask-aware STGNN v2,artifacts/algorithm/v21_reliability_gate/checkpoint/mask_aware_stgnn_v2_full__salinity__20p0m.pt,56441f1f1ddb86e29971713034ba0bc0d830b46c029c4aaa9cfb735b9e859df9,HIDDEN_M2_FINAL,3.12.10,2.4.1+cpu,CPU,VERIFIED_INFERENCE
m2v2-s20260815-6s10w-salinity-20p0-L6-2022-11,6,file-d7268202d1f7a24c8436c0b1b27200db25a73c9ad8d8e12caf4ce0bf0c6481c3|S_NaN_6s10w|3|271,6s10w,2022-10-01 00:00:00,salinity,20.0,35.9527702331543,35.77831154207899,-0.17445869107530854,0.17445869107530854,0.030435834891709937,Mask-aware STGNN v2,artifacts/algorithm/v21_reliability_gate/checkpoint/mask_aware_stgnn_v2_full__salinity__20p0m.pt,56441f1f1ddb86e29971713034ba0bc0d830b46c029c4aaa9cfb735b9e859df9,HIDDEN_M2_FINAL,3.12.10,2.4.1+cpu,CPU,VERIFIED_INFERENCE
m2v2-s20260815-6s10w-salinity-20p0-L6-2022-11,6,file-d7268202d1f7a24c8436c0b1b27200db25a73c9ad8d8e12caf4ce0bf0c6481c3|S_NaN_6s10w|3|272,6s10w,2022-11-01 00:00:00,salinity,20.0,36.11223602294922,35.80347030522641,-0.3087657177228067,0.3087657177228067,0.09533626844087995,Mask-aware STGNN v2,artifacts/algorithm/v21_reliability_gate/checkpoint/mask_aware_stgnn_v2_full__salinity__20p0m.pt,56441f1f1ddb86e29971713034ba0bc0d830b46c029c4aaa9cfb735b9e859df9,HIDDEN_M2_FINAL,3.12.10,2.4.1+cpu,CPU,VERIFIED_INFERENCE
m2v2-s20260815-0n23w-salinity-40p0-L6-2023-06,6,file-eb3face3dd7e54920bba56f362bcd9e3a7c90163d3a57a3cefe106800d82765b|S_NaN_0n23w|4|286,0n23w,2023-01-01 00:00:00,salinity,40.0,36.05803298950195,36.086299523579406,0.028266534077452832,0.028266534077452832,0.0007989969487518022,Mask-aware STGNN v2,artifacts/algorithm/v21_reliability_gate/checkpoint/mask_aware_stgnn_v2_full__salinity__40p0m.pt,ae511c57847ea9b66791fa4f3700d76438be9d8f50966ddfbf0b7391f7d403f5,HIDDEN_M2_FINAL,3.12.10,2.4.1+cpu,CPU,VERIFIED_INFERENCE
m2v2-s20260815-0n23w-salinity-40p0-L6-2023-06,6,file-eb3face3dd7e54920bba56f362bcd9e3a7c90163d3a57a3cefe106800d82765b|S_NaN_0n23w|4|287,0n23w,2023-02-01 00:00:00,salinity,40.0,36.301856994628906,36.15499361465091,-0.1468633799779937,0.1468633799779937,0.02156885237856056,Mask-aware STGNN v2,artifacts/algorithm/v21_reliability_gate/checkpoint/mask_aware_stgnn_v2_full__salinity__40p0m.pt,ae511c57847ea9b66791fa4f3700d76438be9d8f50966ddfbf0b7391f7d403f5,HIDDEN_M2_FINAL,3.12.10,2.4.1+cpu,CPU,VERIFIED_INFERENCE
m2v2-s20260815-0n23w-salinity-40p0-L6-2023-06,6,file-eb3face3dd7e54920bba56f362bcd9e3a7c90163d3a57a3cefe106800d82765b|S_NaN_0n23w|4|288,0n23w,2023-03-01 00:00:00,salinity,40.0,36.36106491088867,36.195024903230696,-0.16604000765797622,0.16604000765797622,0.027569284143060802,Mask-aware STGNN v2,artifacts/algorithm/v21_reliability_gate/checkpoint/mask_aware_stgnn_v2_full__salinity__40p0m.pt,ae511c57847ea9b66791fa4f3700d76438be9d8f50966ddfbf0b7391f7d403f5,HIDDEN_M2_FINAL,3.12.10,2.4.1+cpu,CPU,VERIFIED_INFERENCE
m2v2-s20260815-0n23w-salinity-40p0-L6-2023-06,6,file-eb3face3dd7e54920bba56f362bcd9e3a7c90163d3a57a3cefe106800d82765b|S_NaN_0n23w|4|289,0n23w,2023-04-01 00:00:00,salinity,40.0,36.32072448730469,36.19515804523405,-0.12556644207063528,0.12556644207063528,0.015766931374278204,Mask-aware STGNN v2,artifacts/algorithm/v21_reliability_gate/checkpoint/mask_aware_stgnn_v2_full__salinity__40p0m.pt,ae511c57847ea9b66791fa4f3700d76438be9d8f50966ddfbf0b7391f7d403f5,HIDDEN_M2_FINAL,3.12.10,2.4.1+cpu,CPU,VERIFIED_INFERENCE
m2v2-s20260815-0n23w-salinity-40p0-L6-2023-06,6,file-eb3face3dd7e54920bba56f362bcd9e3a7c90163d3a57a3cefe106800d82765b|S_NaN_0n23w|4|290,0n23w,2023-05-01 00:00:00,salinity,40.0,36.483585357666016,36.16149074771371,-0.322094609952309,0.322094609952309,0.10374493776033006,Mask-aware STGNN v2,artifacts/algorithm/v21_reliability_gate/checkpoint/mask_aware_stgnn_v2_full__salinity__40p0m.pt,ae511c57847ea9b66791fa4f3700d76438be9d8f50966ddfbf0b7391f7d403f5,HIDDEN_M2_FINAL,3.12.10,2.4.1+cpu,CPU,VERIFIED_INFERENCE
m2v2-s20260815-0n23w-salinity-40p0-L6-2023-06,6,file-eb3face3dd7e54920bba56f362bcd9e3a7c90163d3a57a3cefe106800d82765b|S_NaN_0n23w|4|291,0n23w,2023-06-01 00:00:00,salinity,40.0,36.43853759765625,36.12707148677902,-0.31146611087722675,0.31146611087722675,0.09701113822498492,Mask-aware STGNN v2,artifacts/algorithm/v21_reliability_gate/checkpoint/mask_aware_stgnn_v2_full__salinity__40p0m.pt,ae511c57847ea9b66791fa4f3700d76438be9d8f50966ddfbf0b7391f7d403f5,HIDDEN_M2_FINAL,3.12.10,2.4.1+cpu,CPU,VERIFIED_INFERENCE
m2v2-s20260815-15n38w-salinity-120p0-L6-2023-06,6,file-77ba2841bc553da2f2567dd46ab978a8349ad9df384f112837502d3ddc94959f|S_NaN_15n38w|7|299,15n38w,2023-01-01 00:00:00,salinity,120.0,36.93199920654297,36.84770441463506,-0.084294791907908,0.084294791907908,0.007105611942797513,Mask-aware STGNN v2,artifacts/algorithm/v21_reliability_gate/checkpoint/mask_aware_stgnn_v2_full__salinity__120p0m.pt,83a21266d35a5b4e0733ddb7145cfcaff6113b0aaba58c133e4f069665e25a00,HIDDEN_M2_FINAL,3.12.10,2.4.1+cpu,CPU,VERIFIED_INFERENCE
m2v2-s20260815-15n38w-salinity-120p0-L6-2023-06,6,file-77ba2841bc553da2f2567dd46ab978a8349ad9df384f112837502d3ddc94959f|S_NaN_15n38w|7|300,15n38w,2023-02-01 00:00:00,salinity,120.0,37.10857391357422,36.74532153004048,-0.3632523835337409,0.3632523835337409,0.131952294142944,Mask-aware STGNN v2,artifacts/algorithm/v21_reliability_gate/checkpoint/mask_aware_stgnn_v2_full__salinity__120p0m.pt,83a21266d35a5b4e0733ddb7145cfcaff6113b0aaba58c133e4f069665e25a00,HIDDEN_M2_FINAL,3.12.10,2.4.1+cpu,CPU,VERIFIED_INFERENCE
m2v2-s20260815-15n38w-salinity-120p0-L6-2023-06,6,file-77ba2841bc553da2f2567dd46ab978a8349ad9df384f112837502d3ddc94959f|S_NaN_15n38w|7|301,15n38w,2023-03-01 00:00:00,salinity,120.0,37.12568664550781,36.62748560347491,-0.4982010420329033,0.4982010420329033,0.24820427828267067,Mask-aware STGNN v2,artifacts/algorithm/v21_reliability_gate/checkpoint/mask_aware_stgnn_v2_full__salinity__120p0m.pt,83a21266d35a5b4e0733ddb7145cfcaff6113b0aaba58c133e4f069665e25a00,HIDDEN_M2_FINAL,3.12.10,2.4.1+cpu,CPU,VERIFIED_INFERENCE
m2v2-s20260815-15n38w-salinity-120p0-L6-2023-06,6,file-77ba2841bc553da2f2567dd46ab978a8349ad9df384f112837502d3ddc94959f|S_NaN_15n38w|7|302,15n38w,2023-04-01 00:00:00,salinity,120.0,36.84696960449219,36.415096554922336,-0.43187304956985173,0.43187304956985173,0.1865143309447636,Mask-aware STGNN v2,artifacts/algorithm/v21_reliability_gate/checkpoint/mask_aware_stgnn_v2_full__salinity__120p0m.pt,83a21266d35a5b4e0733ddb7145cfcaff6113b0aaba58c133e4f069665e25a00,HIDDEN_M2_FINAL,3.12.10,2.4.1+cpu,CPU,VERIFIED_INFERENCE
m2v2-s20260815-15n38w-salinity-120p0-L6-2023-06,6,file-77ba2841bc553da2f2567dd46ab978a8349ad9df384f112837502d3ddc94959f|S_NaN_15n38w|7|303,15n38w,2023-05-01 00:00:00,salinity,120.0,36.97354507446289,36.14692108437029,-0.8266239900925996,0.8266239900925996,0.6833072209966101,Mask-aware STGNN v2,artifacts/algorithm/v21_reliability_gate/checkpoint/mask_aware_stgnn_v2_full__salinity__120p0m.pt,83a21266d35a5b4e0733ddb7145cfcaff6113b0aaba58c133e4f069665e25a00,HIDDEN_M2_FINAL,3.12.10,2.4.1+cpu,CPU,VERIFIED_INFERENCE
m2v2-s20260815-15n38w-salinity-120p0-L6-2023-06,6,file-77ba2841bc553da2f2567dd46ab978a8349ad9df384f112837502d3ddc94959f|S_NaN_15n38w|7|304,15n38w,2023-06-01 00:00:00,salinity,120.0,36.93196105957031,35.90344280712446,-1.0285182524458492,1.0285182524458492,1.0578497956142634,Mask-aware STGNN v2,artifacts/algorithm/v21_reliability_gate/checkpoint/mask_aware_stgnn_v2_full__salinity__120p0m.pt,83a21266d35a5b4e0733ddb7145cfcaff6113b0aaba58c133e4f069665e25a00,HIDDEN_M2_FINAL,3.12.10,2.4.1+cpu,CPU,VERIFIED_INFERENCE
m2v2-s20260815-0n10w-temperature-1p0-L6-2022-06,6,file-217650acacfcbffad6e9b711858e86bda0cf26fe9605153945ee3ac3a9d7e21c|T_NaN_0n10w|0|292,0n10w,2022-01-01 00:00:00,temperature,1.0,27.2851619720459,27.860097883313045,0.574935911267147,0.574935911267147,0.3305513020645848,Mask-aware STGNN v2,artifacts/algorithm/v21_reliability_gate/checkpoint/mask_aware_stgnn_v2_full__temperature__1p0m.pt,3a375aeaf655cfd8e3adb2c78475b52a62bcc65a87d3f0da265a53fd8d5ab165,HIDDEN_M2_FINAL,3.12.10,2.4.1+cpu,CPU,VERIFIED_INFERENCE
m2v2-s20260815-0n10w-temperature-1p0-L6-2022-06,6,file-217650acacfcbffad6e9b711858e86bda0cf26fe9605153945ee3ac3a9d7e21c|T_NaN_0n10w|0|293,0n10w,2022-02-01 00:00:00,temperature,1.0,27.412500381469727,27.120343993257013,-0.29215638821271384,0.29215638821271384,0.08535535517349796,Mask-aware STGNN v2,artifacts/algorithm/v21_reliability_gate/checkpoint/mask_aware_stgnn_v2_full__temperature__1p0m.pt,3a375aeaf655cfd8e3adb2c78475b52a62bcc65a87d3f0da265a53fd8d5ab165,HIDDEN_M2_FINAL,3.12.10,2.4.1+cpu,CPU,VERIFIED_INFERENCE
m2v2-s20260815-0n10w-temperature-1p0-L6-2022-06,6,file-217650acacfcbffad6e9b711858e86bda0cf26fe9605153945ee3ac3a9d7e21c|T_NaN_0n10w|0|294,0n10w,2022-03-01 00:00:00,temperature,1.0,28.945669174194336,27.360596581297433,-1.5850725928969034,1.5850725928969034,2.5124551247529125,Mask-aware STGNN v2,artifacts/algorithm/v21_reliability_gate/checkpoint/mask_aware_stgnn_v2_full__temperature__1p0m.pt,3a375aeaf655cfd8e3adb2c78475b52a62bcc65a87d3f0da265a53fd8d5ab165,HIDDEN_M2_FINAL,3.12.10,2.4.1+cpu,CPU,VERIFIED_INFERENCE
m2v2-s20260815-0n10w-temperature-1p0-L6-2022-06,6,file-217650acacfcbffad6e9b711858e86bda0cf26fe9605153945ee3ac3a9d7e21c|T_NaN_0n10w|0|295,0n10w,2022-04-01 00:00:00,temperature,1.0,28.711666107177734,27.499331682691057,-1.2123344244866772,1.2123344244866772,1.4697547567954428,Mask-aware STGNN v2,artifacts/algorithm/v21_reliability_gate/checkpoint/mask_aware_stgnn_v2_full__temperature__1p0m.pt,3a375aeaf655cfd8e3adb2c78475b52a62bcc65a87d3f0da265a53fd8d5ab165,HIDDEN_M2_FINAL,3.12.10,2.4.1+cpu,CPU,VERIFIED_INFERENCE
m2v2-s20260815-0n10w-temperature-1p0-L6-2022-06,6,file-217650acacfcbffad6e9b711858e86bda0cf26fe9605153945ee3ac3a9d7e21c|T_NaN_0n10w|0|296,0n10w,2022-05-01 00:00:00,temperature,1.0,27.38871192932129,27.216536387899378,-0.17217554142191105,0.17217554142191105,0.029644417063928206,Mask-aware STGNN v2,artifacts/algorithm/v21_reliability_gate/checkpoint/mask_aware_stgnn_v2_full__temperature__1p0m.pt,3a375aeaf655cfd8e3adb2c78475b52a62bcc65a87d3f0da265a53fd8d5ab165,HIDDEN_M2_FINAL,3.12.10,2.4.1+cpu,CPU,VERIFIED_INFERENCE
m2v2-s20260815-0n10w-temperature-1p0-L6-2022-06,6,file-217650acacfcbffad6e9b711858e86bda0cf26fe9605153945ee3ac3a9d7e21c|T_NaN_0n10w|0|297,0n10w,2022-06-01 00:00:00,temperature,1.0,25.963329315185547,26.29619098628777,0.3328616711022221,0.3328616711022221,0.11079689208896387,Mask-aware STGNN v2,artifacts/algorithm/v21_reliability_gate/checkpoint/mask_aware_stgnn_v2_full__temperature__1p0m.pt,3a375aeaf655cfd8e3adb2c78475b52a62bcc65a87d3f0da265a53fd8d5ab165,HIDDEN_M2_FINAL,3.12.10,2.4.1+cpu,CPU,VERIFIED_INFERENCE
m2v2-s20260815-20n38w-temperature-20p0-L6-2022-11,6,file-25ba08789a1a03a344e58d0b6df84a01709a0cf66916dbff7e747af661b636af|T_NaN_20n38w|4|180,20n38w,2022-06-01 00:00:00,temperature,20.0,25.236003875732422,25.35377789554078,0.11777401980835833,0.11777401980835833,0.013870719741819582,Mask-aware STGNN v2,artifacts/algorithm/v21_reliability_gate/checkpoint/mask_aware_stgnn_v2_full__temperature__20p0m.pt,9b19409827eceabffc2604de2c4cbd26e28df14abdd2fd35c8b3490e3ff75fd2,HIDDEN_M2_FINAL,3.12.10,2.4.1+cpu,CPU,VERIFIED_INFERENCE
m2v2-s20260815-20n38w-temperature-20p0-L6-2022-11,6,file-25ba08789a1a03a344e58d0b6df84a01709a0cf66916dbff7e747af661b636af|T_NaN_20n38w|4|181,20n38w,2022-07-01 00:00:00,temperature,20.0,25.334518432617188,26.50715733540114,1.1726389027839517,1.1726389027839517,1.37508199632235,Mask-aware STGNN v2,artifacts/algorithm/v21_reliability_gate/checkpoint/mask_aware_stgnn_v2_full__temperature__20p0m.pt,9b19409827eceabffc2604de2c4cbd26e28df14abdd2fd35c8b3490e3ff75fd2,HIDDEN_M2_FINAL,3.12.10,2.4.1+cpu,CPU,VERIFIED_INFERENCE
m2v2-s20260815-20n38w-temperature-20p0-L6-2022-11,6,file-25ba08789a1a03a344e58d0b6df84a01709a0cf66916dbff7e747af661b636af|T_NaN_20n38w|4|182,20n38w,2022-08-01 00:00:00,temperature,20.0,25.824838638305664,27.08995017465728,1.2651115363516148,1.2651115363516148,1.6005071994099431,Mask-aware STGNN v2,artifacts/algorithm/v21_reliability_gate/checkpoint/mask_aware_stgnn_v2_full__temperature__20p0m.pt,9b19409827eceabffc2604de2c4cbd26e28df14abdd2fd35c8b3490e3ff75fd2,HIDDEN_M2_FINAL,3.12.10,2.4.1+cpu,CPU,VERIFIED_INFERENCE
m2v2-s20260815-20n38w-temperature-20p0-L6-2022-11,6,file-25ba08789a1a03a344e58d0b6df84a01709a0cf66916dbff7e747af661b636af|T_NaN_20n38w|4|183,20n38w,2022-09-01 00:00:00,temperature,20.0,26.705995559692383,27.247666509507308,0.5416709498149253,0.5416709498149253,0.29340741787340324,Mask-aware STGNN v2,artifacts/algorithm/v21_reliability_gate/checkpoint/mask_aware_stgnn_v2_full__temperature__20p0m.pt,9b19409827eceabffc2604de2c4cbd26e28df14abdd2fd35c8b3490e3ff75fd2,HIDDEN_M2_FINAL,3.12.10,2.4.1+cpu,CPU,VERIFIED_INFERENCE
m2v2-s20260815-20n38w-temperature-20p0-L6-2022-11,6,file-25ba08789a1a03a344e58d0b6df84a01709a0cf66916dbff7e747af661b636af|T_NaN_20n38w|4|184,20n38w,2022-10-01 00:00:00,temperature,20.0,27.003870010375977,27.062166160311737,0.058296149935760155,0.058296149935760155,0.003398441097332629,Mask-aware STGNN v2,artifacts/algorithm/v21_reliability_gate/checkpoint/mask_aware_stgnn_v2_full__temperature__20p0m.pt,9b19409827eceabffc2604de2c4cbd26e28df14abdd2fd35c8b3490e3ff75fd2,HIDDEN_M2_FINAL,3.12.10,2.4.1+cpu,CPU,VERIFIED_INFERENCE
m2v2-s20260815-20n38w-temperature-20p0-L6-2022-11,6,file-25ba08789a1a03a344e58d0b6df84a01709a0cf66916dbff7e747af661b636af|T_NaN_20n38w|4|185,20n38w,2022-11-01 00:00:00,temperature,20.0,26.485332489013672,26.51418810764722,0.028855618633549796,0.028855618633549796,0.0008326467267248662,Mask-aware STGNN v2,artifacts/algorithm/v21_reliability_gate/checkpoint/mask_aware_stgnn_v2_full__temperature__20p0m.pt,9b19409827eceabffc2604de2c4cbd26e28df14abdd2fd35c8b3490e3ff75fd2,HIDDEN_M2_FINAL,3.12.10,2.4.1+cpu,CPU,VERIFIED_INFERENCE
m2v2-s20260815-12n23w-temperature-40p0-L6-2020-11,6,file-ced969c0ab43418205c85e3a42b41e1d8a79ee659db91f55ce10202939437bef|T_NaN_12n23w|5|168,12n23w,2020-06-01 00:00:00,temperature,40.0,22.7399959564209,19.967907008835088,-2.772088947585811,2.772088947585811,7.684477133327408,Mask-aware STGNN v2,artifacts/algorithm/v21_reliability_gate/checkpoint/mask_aware_stgnn_v2_full__temperature__40p0m.pt,db3dbe4d0aa36281c6a1f6cb252eae2babc2d643e474ff5fff049c81532b31b0,HIDDEN_M2_FINAL,3.12.10,2.4.1+cpu,CPU,VERIFIED_INFERENCE
m2v2-s20260815-12n23w-temperature-40p0-L6-2020-11,6,file-ced969c0ab43418205c85e3a42b41e1d8a79ee659db91f55ce10202939437bef|T_NaN_12n23w|5|169,12n23w,2020-07-01 00:00:00,temperature,40.0,21.091938018798828,22.589982045939024,1.498044027140196,1.498044027140196,2.2441359072504166,Mask-aware STGNN v2,artifacts/algorithm/v21_reliability_gate/checkpoint/mask_aware_stgnn_v2_full__temperature__40p0m.pt,db3dbe4d0aa36281c6a1f6cb252eae2babc2d643e474ff5fff049c81532b31b0,HIDDEN_M2_FINAL,3.12.10,2.4.1+cpu,CPU,VERIFIED_INFERENCE
m2v2-s20260815-12n23w-temperature-40p0-L6-2020-11,6,file-ced969c0ab43418205c85e3a42b41e1d8a79ee659db91f55ce10202939437bef|T_NaN_12n23w|5|170,12n23w,2020-08-01 00:00:00,temperature,40.0,19.909997940063477,24.421072951555235,4.511075011491759,4.511075011491759,20.34979775930537,Mask-aware STGNN v2,artifacts/algorithm/v21_reliability_gate/checkpoint/mask_aware_stgnn_v2_full__temperature__40p0m.pt,db3dbe4d0aa36281c6a1f6cb252eae2babc2d643e474ff5fff049c81532b31b0,HIDDEN_M2_FINAL,3.12.10,2.4.1+cpu,CPU,VERIFIED_INFERENCE
m2v2-s20260815-12n23w-temperature-40p0-L6-2020-11,6,file-ced969c0ab43418205c85e3a42b41e1d8a79ee659db91f55ce10202939437bef|T_NaN_12n23w|5|171,12n23w,2020-09-01 00:00:00,temperature,40.0,17.717998504638672,25.602891586243707,7.8848930816050355,7.8848930816050355,62.17153890834295,Mask-aware STGNN v2,artifacts/algorithm/v21_reliability_gate/checkpoint/mask_aware_stgnn_v2_full__temperature__40p0m.pt,db3dbe4d0aa36281c6a1f6cb252eae2babc2d643e474ff5fff049c81532b31b0,HIDDEN_M2_FINAL,3.12.10,2.4.1+cpu,CPU,VERIFIED_INFERENCE
m2v2-s20260815-12n23w-temperature-40p0-L6-2020-11,6,file-ced969c0ab43418205c85e3a42b41e1d8a79ee659db91f55ce10202939437bef|T_NaN_12n23w|5|172,12n23w,2020-10-01 00:00:00,temperature,40.0,19.766128540039062,26.138827668956207,6.372699128917144,6.372699128917144,40.61129418770133,Mask-aware STGNN v2,artifacts/algorithm/v21_reliability_gate/checkpoint/mask_aware_stgnn_v2_full__temperature__40p0m.pt,db3dbe4d0aa36281c6a1f6cb252eae2babc2d643e474ff5fff049c81532b31b0,HIDDEN_M2_FINAL,3.12.10,2.4.1+cpu,CPU,VERIFIED_INFERENCE
m2v2-s20260815-12n23w-temperature-40p0-L6-2020-11,6,file-ced969c0ab43418205c85e3a42b41e1d8a79ee659db91f55ce10202939437bef|T_NaN_12n23w|5|173,12n23w,2020-11-01 00:00:00,temperature,40.0,22.0310001373291,26.294771543025156,4.263771405696055,4.263771405696055,18.17974660003131,Mask-aware STGNN v2,artifacts/algorithm/v21_reliability_gate/checkpoint/mask_aware_stgnn_v2_full__temperature__40p0m.pt,db3dbe4d0aa36281c6a1f6cb252eae2babc2d643e474ff5fff049c81532b31b0,HIDDEN_M2_FINAL,3.12.10,2.4.1+cpu,CPU,VERIFIED_INFERENCE
m2v2-s20260815-21n23w-temperature-120p0-L6-2024-02,6,file-d7c8fcbf4deac44b8d35f5b25d86e9bd738c4446e9c009459b78c5137e95ba88|T_NaN_21n23w|8|195,21n23w,2023-09-01 00:00:00,temperature,120.0,17.213998794555664,17.30542763858521,0.09142884402954721,0.09142884402954721,0.00835923352057927,Mask-aware STGNN v2,artifacts/algorithm/v21_reliability_gate/checkpoint/mask_aware_stgnn_v2_full__temperature__120p0m.pt,8cc82b27d56707b41d9bc008edba0ba11446e8f1f2647b6f16039435523d7443,HIDDEN_M2_FINAL,3.12.10,2.4.1+cpu,CPU,VERIFIED_INFERENCE
m2v2-s20260815-21n23w-temperature-120p0-L6-2024-02,6,file-d7c8fcbf4deac44b8d35f5b25d86e9bd738c4446e9c009459b78c5137e95ba88|T_NaN_21n23w|8|196,21n23w,2023-10-01 00:00:00,temperature,120.0,16.764514923095703,17.16601677264509,0.40150184954938695,0.40150184954938695,0.16120373519157855,Mask-aware STGNN v2,artifacts/algorithm/v21_reliability_gate/checkpoint/mask_aware_stgnn_v2_full__temperature__120p0m.pt,8cc82b27d56707b41d9bc008edba0ba11446e8f1f2647b6f16039435523d7443,HIDDEN_M2_FINAL,3.12.10,2.4.1+cpu,CPU,VERIFIED_INFERENCE
m2v2-s20260815-21n23w-temperature-120p0-L6-2024-02,6,file-d7c8fcbf4deac44b8d35f5b25d86e9bd738c4446e9c009459b78c5137e95ba88|T_NaN_21n23w|8|197,21n23w,2023-11-01 00:00:00,temperature,120.0,18.555334091186523,16.771385198428007,-1.7839488927585165,1.7839488927585165,3.182473651974337,Mask-aware STGNN v2,artifacts/algorithm/v21_reliability_gate/checkpoint/mask_aware_stgnn_v2_full__temperature__120p0m.pt,8cc82b27d56707b41d9bc008edba0ba11446e8f1f2647b6f16039435523d7443,HIDDEN_M2_FINAL,3.12.10,2.4.1+cpu,CPU,VERIFIED_INFERENCE
m2v2-s20260815-21n23w-temperature-120p0-L6-2024-02,6,file-d7c8fcbf4deac44b8d35f5b25d86e9bd738c4446e9c009459b78c5137e95ba88|T_NaN_21n23w|8|198,21n23w,2023-12-01 00:00:00,temperature,120.0,17.696773529052734,16.64853484509154,-1.0482386839611948,1.0482386839611948,1.0988043385526975,Mask-aware STGNN v2,artifacts/algorithm/v21_reliability_gate/checkpoint/mask_aware_stgnn_v2_full__temperature__120p0m.pt,8cc82b27d56707b41d9bc008edba0ba11446e8f1f2647b6f16039435523d7443,HIDDEN_M2_FINAL,3.12.10,2.4.1+cpu,CPU,VERIFIED_INFERENCE
m2v2-s20260815-21n23w-temperature-120p0-L6-2024-02,6,file-d7c8fcbf4deac44b8d35f5b25d86e9bd738c4446e9c009459b78c5137e95ba88|T_NaN_21n23w|8|199,21n23w,2024-01-01 00:00:00,temperature,120.0,17.790647506713867,16.451603462164037,-1.33904404454983,1.33904404454983,1.793038953244367,Mask-aware STGNN v2,artifacts/algorithm/v21_reliability_gate/checkpoint/mask_aware_stgnn_v2_full__temperature__120p0m.pt,8cc82b27d56707b41d9bc008edba0ba11446e8f1f2647b6f16039435523d7443,HIDDEN_M2_FINAL,3.12.10,2.4.1+cpu,CPU,VERIFIED_INFERENCE
m2v2-s20260815-21n23w-temperature-120p0-L6-2024-02,6,file-d7c8fcbf4deac44b8d35f5b25d86e9bd738c4446e9c009459b78c5137e95ba88|T_NaN_21n23w|8|200,21n23w,2024-02-01 00:00:00,temperature,120.0,18.580345153808594,16.225360392857763,-2.354984760950831,2.354984760950831,5.545953224310644,Mask-aware STGNN v2,artifacts/algorithm/v21_reliability_gate/checkpoint/mask_aware_stgnn_v2_full__temperature__120p0m.pt,8cc82b27d56707b41d9bc008edba0ba11446e8f1f2647b6f16039435523d7443,HIDDEN_M2_FINAL,3.12.10,2.4.1+cpu,CPU,VERIFIED_INFERENCE
m2v2-s20260815-0n0e-salinity-1p0-L12-2020-09,12,file-e7495748d6c3d14949180bceabb26fc35a5f90c9ec1d63e470d389957926e656|S_NaN_0n0e|0|260,0n0e,2019-10-01 00:00:00,salinity,1.0,35.496742248535156,35.05388133267467,-0.4428609158604857,0.4428609158604857,0.19612579079678819,Mask-aware STGNN v2,artifacts/algorithm/v21_reliability_gate/checkpoint/mask_aware_stgnn_v2_full__salinity__1p0m.pt,9f9ad973b287d8cb100f4c2d7e83dcf411eef55b095a9dd97c0970bfb6031ca7,HIDDEN_M2_FINAL,3.12.10,2.4.1+cpu,CPU,VERIFIED_INFERENCE
m2v2-s20260815-0n0e-salinity-1p0-L12-2020-09,12,file-e7495748d6c3d14949180bceabb26fc35a5f90c9ec1d63e470d389957926e656|S_NaN_0n0e|0|261,0n0e,2019-11-01 00:00:00,salinity,1.0,34.90589904785156,35.25146923672306,0.3455701888714984,0.3455701888714984,0.11941875543668305,Mask-aware STGNN v2,artifacts/algorithm/v21_reliability_gate/checkpoint/mask_aware_stgnn_v2_full__salinity__1p0m.pt,9f9ad973b287d8cb100f4c2d7e83dcf411eef55b095a9dd97c0970bfb6031ca7,HIDDEN_M2_FINAL,3.12.10,2.4.1+cpu,CPU,VERIFIED_INFERENCE
m2v2-s20260815-0n0e-salinity-1p0-L12-2020-09,12,file-e7495748d6c3d14949180bceabb26fc35a5f90c9ec1d63e470d389957926e656|S_NaN_0n0e|0|262,0n0e,2019-12-01 00:00:00,salinity,1.0,34.189353942871094,35.36977873329744,1.1804247904263434,1.1804247904263434,1.3934026858530768,Mask-aware STGNN v2,artifacts/algorithm/v21_reliability_gate/checkpoint/mask_aware_stgnn_v2_full__salinity__1p0m.pt,9f9ad973b287d8cb100f4c2d7e83dcf411eef55b095a9dd97c0970bfb6031ca7,HIDDEN_M2_FINAL,3.12.10,2.4.1+cpu,CPU,VERIFIED_INFERENCE
m2v2-s20260815-0n0e-salinity-1p0-L12-2020-09,12,file-e7495748d6c3d14949180bceabb26fc35a5f90c9ec1d63e470d389957926e656|S_NaN_0n0e|0|263,0n0e,2020-01-01 00:00:00,salinity,1.0,34.272193908691406,35.451803860029585,1.179609951338179,1.179609951338179,1.3914796372960612,Mask-aware STGNN v2,artifacts/algorithm/v21_reliability_gate/checkpoint/mask_aware_stgnn_v2_full__salinity__1p0m.pt,9f9ad973b287d8cb100f4c2d7e83dcf411eef55b095a9dd97c0970bfb6031ca7,HIDDEN_M2_FINAL,3.12.10,2.4.1+cpu,CPU,VERIFIED_INFERENCE
m2v2-s20260815-0n0e-salinity-1p0-L12-2020-09,12,file-e7495748d6c3d14949180bceabb26fc35a5f90c9ec1d63e470d389957926e656|S_NaN_0n0e|0|264,0n0e,2020-02-01 00:00:00,salinity,1.0,34.72421646118164,35.49595749001864,0.771741028836999,0.771741028836999,0.5955842155903898,Mask-aware STGNN v2,artifacts/algorithm/v21_reliability_gate/checkpoint/mask_aware_stgnn_v2_full__salinity__1p0m.pt,9f9ad973b287d8cb100f4c2d7e83dcf411eef55b095a9dd97c0970bfb6031ca7,HIDDEN_M2_FINAL,3.12.10,2.4.1+cpu,CPU,VERIFIED_INFERENCE
m2v2-s20260815-0n0e-salinity-1p0-L12-2020-09,12,file-e7495748d6c3d14949180bceabb26fc35a5f90c9ec1d63e470d389957926e656|S_NaN_0n0e|0|265,0n0e,2020-03-01 00:00:00,salinity,1.0,34.66202926635742,35.49275242634321,0.8307231599857872,0.8307231599857872,0.6901009685367717,Mask-aware STGNN v2,artifacts/algorithm/v21_reliability_gate/checkpoint/mask_aware_stgnn_v2_full__salinity__1p0m.pt,9f9ad973b287d8cb100f4c2d7e83dcf411eef55b095a9dd97c0970bfb6031ca7,HIDDEN_M2_FINAL,3.12.10,2.4.1+cpu,CPU,VERIFIED_INFERENCE
m2v2-s20260815-0n0e-salinity-1p0-L12-2020-09,12,file-e7495748d6c3d14949180bceabb26fc35a5f90c9ec1d63e470d389957926e656|S_NaN_0n0e|0|266,0n0e,2020-04-01 00:00:00,salinity,1.0,34.46065902709961,35.5177728585109,1.057113831411293,1.057113831411293,1.1174896525610634,Mask-aware STGNN v2,artifacts/algorithm/v21_reliability_gate/checkpoint/mask_aware_stgnn_v2_full__salinity__1p0m.pt,9f9ad973b287d8cb100f4c2d7e83dcf411eef55b095a9dd97c0970bfb6031ca7,HIDDEN_M2_FINAL,3.12.10,2.4.1+cpu,CPU,VERIFIED_INFERENCE
m2v2-s20260815-0n0e-salinity-1p0-L12-2020-09,12,file-e7495748d6c3d14949180bceabb26fc35a5f90c9ec1d63e470d389957926e656|S_NaN_0n0e|0|267,0n0e,2020-05-01 00:00:00,salinity,1.0,34.321388244628906,35.5360310178825,1.214642773253594,1.214642773253594,1.4753570666171818,Mask-aware STGNN v2,artifacts/algorithm/v21_reliability_gate/checkpoint/mask_aware_stgnn_v2_full__salinity__1p0m.pt,9f9ad973b287d8cb100f4c2d7e83dcf411eef55b095a9dd97c0970bfb6031ca7,HIDDEN_M2_FINAL,3.12.10,2.4.1+cpu,CPU,VERIFIED_INFERENCE
m2v2-s20260815-0n0e-salinity-1p0-L12-2020-09,12,file-e7495748d6c3d14949180bceabb26fc35a5f90c9ec1d63e470d389957926e656|S_NaN_0n0e|0|268,0n0e,2020-06-01 00:00:00,salinity,1.0,34.813899993896484,35.55029713050867,0.7363971366121831,0.7363971366121831,0.5422807428106222,Mask-aware STGNN v2,artifacts/algorithm/v21_reliability_gate/checkpoint/mask_aware_stgnn_v2_full__salinity__1p0m.pt,9f9ad973b287d8cb100f4c2d7e83dcf411eef55b095a9dd97c0970bfb6031ca7,HIDDEN_M2_FINAL,3.12.10,2.4.1+cpu,CPU,VERIFIED_INFERENCE
m2v2-s20260815-0n0e-salinity-1p0-L12-2020-09,12,file-e7495748d6c3d14949180bceabb26fc35a5f90c9ec1d63e470d389957926e656|S_NaN_0n0e|0|269,0n0e,2020-07-01 00:00:00,salinity,1.0,34.876651763916016,35.55991011539585,0.6832583514798358,0.6832583514798358,0.46684197486694284,Mask-aware STGNN v2,artifacts/algorithm/v21_reliability_gate/checkpoint/mask_aware_stgnn_v2_full__salinity__1p0m.pt,9f9ad973b287d8cb100f4c2d7e83dcf411eef55b095a9dd97c0970bfb6031ca7,HIDDEN_M2_FINAL,3.12.10,2.4.1+cpu,CPU,VERIFIED_INFERENCE
m2v2-s20260815-0n0e-salinity-1p0-L12-2020-09,12,file-e7495748d6c3d14949180bceabb26fc35a5f90c9ec1d63e470d389957926e656|S_NaN_0n0e|0|270,0n0e,2020-08-01 00:00:00,salinity,1.0,35.171836853027344,35.54260774677259,0.3707708937452452,0.3707708937452452,0.1374710556486479,Mask-aware STGNN v2,artifacts/algorithm/v21_reliability_gate/checkpoint/mask_aware_stgnn_v2_full__salinity__1p0m.pt,9f9ad973b287d8cb100f4c2d7e83dcf411eef55b095a9dd97c0970bfb6031ca7,HIDDEN_M2_FINAL,3.12.10,2.4.1+cpu,CPU,VERIFIED_INFERENCE
m2v2-s20260815-0n0e-salinity-1p0-L12-2020-09,12,file-e7495748d6c3d14949180bceabb26fc35a5f90c9ec1d63e470d389957926e656|S_NaN_0n0e|0|271,0n0e,2020-09-01 00:00:00,salinity,1.0,35.441932678222656,35.507973568980084,0.06604089075742792,0.06604089075742792,0.004361399252034528,Mask-aware STGNN v2,artifacts/algorithm/v21_reliability_gate/checkpoint/mask_aware_stgnn_v2_full__salinity__1p0m.pt,9f9ad973b287d8cb100f4c2d7e83dcf411eef55b095a9dd97c0970bfb6031ca7,HIDDEN_M2_FINAL,3.12.10,2.4.1+cpu,CPU,VERIFIED_INFERENCE
m2v2-s20260815-6s10w-salinity-20p0-L12-2022-11,12,file-d7268202d1f7a24c8436c0b1b27200db25a73c9ad8d8e12caf4ce0bf0c6481c3|S_NaN_6s10w|3|261,6s10w,2021-12-01 00:00:00,salinity,20.0,36.1360969543457,35.85980193020642,-0.2762950241392801,0.2762950241392801,0.07633894036412536,Mask-aware STGNN v2,artifacts/algorithm/v21_reliability_gate/checkpoint/mask_aware_stgnn_v2_full__salinity__20p0m.pt,56441f1f1ddb86e29971713034ba0bc0d830b46c029c4aaa9cfb735b9e859df9,HIDDEN_M2_FINAL,3.12.10,2.4.1+cpu,CPU,VERIFIED_INFERENCE
m2v2-s20260815-6s10w-salinity-20p0-L12-2022-11,12,file-d7268202d1f7a24c8436c0b1b27200db25a73c9ad8d8e12caf4ce0bf0c6481c3|S_NaN_6s10w|3|262,6s10w,2022-01-01 00:00:00,salinity,20.0,36.24757766723633,35.84922563268897,-0.3983520345473579,0.3983520345473579,0.15868434342801943,Mask-aware STGNN v2,artifacts/algorithm/v21_reliability_gate/checkpoint/mask_aware_stgnn_v2_full__salinity__20p0m.pt,56441f1f1ddb86e29971713034ba0bc0d830b46c029c4aaa9cfb735b9e859df9,HIDDEN_M2_FINAL,3.12.10,2.4.1+cpu,CPU,VERIFIED_INFERENCE
m2v2-s20260815-6s10w-salinity-20p0-L12-2022-11,12,file-d7268202d1f7a24c8436c0b1b27200db25a73c9ad8d8e12caf4ce0bf0c6481c3|S_NaN_6s10w|3|263,6s10w,2022-02-01 00:00:00,salinity,20.0,35.97636032104492,35.86392515110845,-0.11243516993647518,0.11243516993647518,0.012641667438644052,Mask-aware STGNN v2,artifacts/algorithm/v21_reliability_gate/checkpoint/mask_aware_stgnn_v2_full__salinity__20p0m.pt,56441f1f1ddb86e29971713034ba0bc0d830b46c029c4aaa9cfb735b9e859df9,HIDDEN_M2_FINAL,3.12.10,2.4.1+cpu,CPU,VERIFIED_INFERENCE
m2v2-s20260815-6s10w-salinity-20p0-L12-2022-11,12,file-d7268202d1f7a24c8436c0b1b27200db25a73c9ad8d8e12caf4ce0bf0c6481c3|S_NaN_6s10w|3|264,6s10w,2022-03-01 00:00:00,salinity,20.0,36.052001953125,35.903068494445144,-0.1489334586798563,0.1489334586798563,0.022181175114344465,Mask-aware STGNN v2,artifacts/algorithm/v21_reliability_gate/checkpoint/mask_aware_stgnn_v2_full__salinity__20p0m.pt,56441f1f1ddb86e29971713034ba0bc0d830b46c029c4aaa9cfb735b9e859df9,HIDDEN_M2_FINAL,3.12.10,2.4.1+cpu,CPU,VERIFIED_INFERENCE
m2v2-s20260815-6s10w-salinity-20p0-L12-2022-11,12,file-d7268202d1f7a24c8436c0b1b27200db25a73c9ad8d8e12caf4ce0bf0c6481c3|S_NaN_6s10w|3|265,6s10w,2022-04-01 00:00:00,salinity,20.0,35.73226547241211,35.95062417858152,0.21835870616941122,0.21835870616941122,0.047680524559979266,Mask-aware STGNN v2,artifacts/algorithm/v21_reliability_gate/checkpoint/mask_aware_stgnn_v2_full__salinity__20p0m.pt,56441f1f1ddb86e29971713034ba0bc0d830b46c029c4aaa9cfb735b9e859df9,HIDDEN_M2_FINAL,3.12.10,2.4.1+cpu,CPU,VERIFIED_INFERENCE
m2v2-s20260815-6s10w-salinity-20p0-L12-2022-11,12,file-d7268202d1f7a24c8436c0b1b27200db25a73c9ad8d8e12caf4ce0bf0c6481c3|S_NaN_6s10w|3|266,6s10w,2022-05-01 00:00:00,salinity,20.0,35.53425598144531,35.98189326431477,0.4476372828694579,0.4476372828694579,0.20037913701475107,Mask-aware STGNN v2,artifacts/algorithm/v21_reliability_gate/checkpoint/mask_aware_stgnn_v2_full__salinity__20p0m.pt,56441f1f1ddb86e29971713034ba0bc0d830b46c029c4aaa9cfb735b9e859df9,HIDDEN_M2_FINAL,3.12.10,2.4.1+cpu,CPU,VERIFIED_INFERENCE
m2v2-s20260815-6s10w-salinity-20p0-L12-2022-11,12,file-d7268202d1f7a24c8436c0b1b27200db25a73c9ad8d8e12caf4ce0bf0c6481c3|S_NaN_6s10w|3|267,6s10w,2022-06-01 00:00:00,salinity,20.0,35.57530212402344,35.96235719656001,0.387055072536576,0.387055072536576,0.14981162917629412,Mask-aware STGNN v2,artifacts/algorithm/v21_reliability_gate/checkpoint/mask_aware_stgnn_v2_full__salinity__20p0m.pt,56441f1f1ddb86e29971713034ba0bc0d830b46c029c4aaa9cfb735b9e859df9,HIDDEN_M2_FINAL,3.12.10,2.4.1+cpu,CPU,VERIFIED_INFERENCE
m2v2-s20260815-6s10w-salinity-20p0-L12-2022-11,12,file-d7268202d1f7a24c8436c0b1b27200db25a73c9ad8d8e12caf4ce0bf0c6481c3|S_NaN_6s10w|3|268,6s10w,2022-07-01 00:00:00,salinity,20.0,35.83554458618164,35.92492220743212,0.08937762125047755,0.08937762125047755,0.007988359180393815,Mask-aware STGNN v2,artifacts/algorithm/v21_reliability_gate/checkpoint/mask_aware_stgnn_v2_full__salinity__20p0m.pt,56441f1f1ddb86e29971713034ba0bc0d830b46c029c4aaa9cfb735b9e859df9,HIDDEN_M2_FINAL,3.12.10,2.4.1+cpu,CPU,VERIFIED_INFERENCE
m2v2-s20260815-6s10w-salinity-20p0-L12-2022-11,12,file-d7268202d1f7a24c8436c0b1b27200db25a73c9ad8d8e12caf4ce0bf0c6481c3|S_NaN_6s10w|3|269,6s10w,2022-08-01 00:00:00,salinity,20.0,35.93193817138672,35.86654810974685,-0.06539006163986727,0.06539006163986727,0.004275860161265641,Mask-aware STGNN v2,artifacts/algorithm/v21_reliability_gate/checkpoint/mask_aware_stgnn_v2_full__salinity__20p0m.pt,56441f1f1ddb86e29971713034ba0bc0d830b46c029c4aaa9cfb735b9e859df9,HIDDEN_M2_FINAL,3.12.10,2.4.1+cpu,CPU,VERIFIED_INFERENCE
m2v2-s20260815-6s10w-salinity-20p0-L12-2022-11,12,file-d7268202d1f7a24c8436c0b1b27200db25a73c9ad8d8e12caf4ce0bf0c6481c3|S_NaN_6s10w|3|270,6s10w,2022-09-01 00:00:00,salinity,20.0,35.9235954284668,35.82373174064062,-0.09986368782617916,0.09986368782617916,0.009972756146244564,Mask-aware STGNN v2,artifacts/algorithm/v21_reliability_gate/checkpoint/mask_aware_stgnn_v2_full__salinity__20p0m.pt,56441f1f1ddb86e29971713034ba0bc0d830b46c029c4aaa9cfb735b9e859df9,HIDDEN_M2_FINAL,3.12.10,2.4.1+cpu,CPU,VERIFIED_INFERENCE
m2v2-s20260815-6s10w-salinity-20p0-L12-2022-11,12,file-d7268202d1f7a24c8436c0b1b27200db25a73c9ad8d8e12caf4ce0bf0c6481c3|S_NaN_6s10w|3|271,6s10w,2022-10-01 00:00:00,salinity,20.0,35.9527702331543,35.813612248698476,-0.13915798445582084,0.13915798445582084,0.019364944637806473,Mask-aware STGNN v2,artifacts/algorithm/v21_reliability_gate/checkpoint/mask_aware_stgnn_v2_full__salinity__20p0m.pt,56441f1f1ddb86e29971713034ba0bc0d830b46c029c4aaa9cfb735b9e859df9,HIDDEN_M2_FINAL,3.12.10,2.4.1+cpu,CPU,VERIFIED_INFERENCE
m2v2-s20260815-6s10w-salinity-20p0-L12-2022-11,12,file-d7268202d1f7a24c8436c0b1b27200db25a73c9ad8d8e12caf4ce0bf0c6481c3|S_NaN_6s10w|3|272,6s10w,2022-11-01 00:00:00,salinity,20.0,36.11223602294922,35.81847690097854,-0.2937591219706803,0.2937591219706803,0.08629442174098505,Mask-aware STGNN v2,artifacts/algorithm/v21_reliability_gate/checkpoint/mask_aware_stgnn_v2_full__salinity__20p0m.pt,56441f1f1ddb86e29971713034ba0bc0d830b46c029c4aaa9cfb735b9e859df9,HIDDEN_M2_FINAL,3.12.10,2.4.1+cpu,CPU,VERIFIED_INFERENCE
m2v2-s20260815-0n23w-salinity-40p0-L12-2023-06,12,file-eb3face3dd7e54920bba56f362bcd9e3a7c90163d3a57a3cefe106800d82765b|S_NaN_0n23w|4|280,0n23w,2022-07-01 00:00:00,salinity,40.0,36.10077667236328,36.06707512143892,-0.03370155092436278,0.03370155092436278,0.0011357945347074175,Mask-aware STGNN v2,artifacts/algorithm/v21_reliability_gate/checkpoint/mask_aware_stgnn_v2_full__salinity__40p0m.pt,ae511c57847ea9b66791fa4f3700d76438be9d8f50966ddfbf0b7391f7d403f5,HIDDEN_M2_FINAL,3.12.10,2.4.1+cpu,CPU,VERIFIED_INFERENCE
m2v2-s20260815-0n23w-salinity-40p0-L12-2023-06,12,file-eb3face3dd7e54920bba56f362bcd9e3a7c90163d3a57a3cefe106800d82765b|S_NaN_0n23w|4|281,0n23w,2022-08-01 00:00:00,salinity,40.0,36.049354553222656,36.07476686897542,0.025412315752767256,0.025412315752767256,0.0006457857919183428,Mask-aware STGNN v2,artifacts/algorithm/v21_reliability_gate/checkpoint/mask_aware_stgnn_v2_full__salinity__40p0m.pt,ae511c57847ea9b66791fa4f3700d76438be9d8f50966ddfbf0b7391f7d403f5,HIDDEN_M2_FINAL,3.12.10,2.4.1+cpu,CPU,VERIFIED_INFERENCE
m2v2-s20260815-0n23w-salinity-40p0-L12-2023-06,12,file-eb3face3dd7e54920bba56f362bcd9e3a7c90163d3a57a3cefe106800d82765b|S_NaN_0n23w|4|282,0n23w,2022-09-01 00:00:00,salinity,40.0,36.08677291870117,36.09290066230688,0.006127743605709668,0.006127743605709668,3.754924169731572e-05,Mask-aware STGNN v2,artifacts/algorithm/v21_reliability_gate/checkpoint/mask_aware_stgnn_v2_full__salinity__40p0m.pt,ae511c57847ea9b66791fa4f3700d76438be9d8f50966ddfbf0b7391f7d403f5,HIDDEN_M2_FINAL,3.12.10,2.4.1+cpu,CPU,VERIFIED_INFERENCE
m2v2-s20260815-0n23w-salinity-40p0-L12-2023-06,12,file-eb3face3dd7e54920bba56f362bcd9e3a7c90163d3a57a3cefe106800d82765b|S_NaN_0n23w|4|283,0n23w,2022-10-01 00:00:00,salinity,40.0,36.182029724121094,36.10685106443281,-0.07517865968828374,0.07517865968828374,0.005651830872526779,Mask-aware STGNN v2,artifacts/algorithm/v21_reliability_gate/checkpoint/mask_aware_stgnn_v2_full__salinity__40p0m.pt,ae511c57847ea9b66791fa4f3700d76438be9d8f50966ddfbf0b7391f7d403f5,HIDDEN_M2_FINAL,3.12.10,2.4.1+cpu,CPU,VERIFIED_INFERENCE
m2v2-s20260815-0n23w-salinity-40p0-L12-2023-06,12,file-eb3face3dd7e54920bba56f362bcd9e3a7c90163d3a57a3cefe106800d82765b|S_NaN_0n23w|4|284,0n23w,2022-11-01 00:00:00,salinity,40.0,36.11597442626953,36.11101281545261,-0.00496161081692037,0.00496161081692037,2.461758189858122e-05,Mask-aware STGNN v2,artifacts/algorithm/v21_reliability_gate/checkpoint/mask_aware_stgnn_v2_full__salinity__40p0m.pt,ae511c57847ea9b66791fa4f3700d76438be9d8f50966ddfbf0b7391f7d403f5,HIDDEN_M2_FINAL,3.12.10,2.4.1+cpu,CPU,VERIFIED_INFERENCE
m2v2-s20260815-0n23w-salinity-40p0-L12-2023-06,12,file-eb3face3dd7e54920bba56f362bcd9e3a7c90163d3a57a3cefe106800d82765b|S_NaN_0n23w|4|285,0n23w,2022-12-01 00:00:00,salinity,40.0,36.06629180908203,36.114839166644565,0.04854735756253348,0.04854735756253348,0.0023568459263044765,Mask-aware STGNN v2,artifacts/algorithm/v21_reliability_gate/checkpoint/mask_aware_stgnn_v2_full__salinity__40p0m.pt,ae511c57847ea9b66791fa4f3700d76438be9d8f50966ddfbf0b7391f7d403f5,HIDDEN_M2_FINAL,3.12.10,2.4.1+cpu,CPU,VERIFIED_INFERENCE
m2v2-s20260815-0n23w-salinity-40p0-L12-2023-06,12,file-eb3face3dd7e54920bba56f362bcd9e3a7c90163d3a57a3cefe106800d82765b|S_NaN_0n23w|4|286,0n23w,2023-01-01 00:00:00,salinity,40.0,36.05803298950195,36.138899586316036,0.08086659681408292,0.08086659681408292,0.006539406480291447,Mask-aware STGNN v2,artifacts/algorithm/v21_reliability_gate/checkpoint/mask_aware_stgnn_v2_full__salinity__40p0m.pt,ae511c57847ea9b66791fa4f3700d76438be9d8f50966ddfbf0b7391f7d403f5,HIDDEN_M2_FINAL,3.12.10,2.4.1+cpu,CPU,VERIFIED_INFERENCE
m2v2-s20260815-0n23w-salinity-40p0-L12-2023-06,12,file-eb3face3dd7e54920bba56f362bcd9e3a7c90163d3a57a3cefe106800d82765b|S_NaN_0n23w|4|287,0n23w,2023-02-01 00:00:00,salinity,40.0,36.301856994628906,36.19164339139696,-0.11021360323194784,0.11021360323194784,0.012147038337369223,Mask-aware STGNN v2,artifacts/algorithm/v21_reliability_gate/checkpoint/mask_aware_stgnn_v2_full__salinity__40p0m.pt,ae511c57847ea9b66791fa4f3700d76438be9d8f50966ddfbf0b7391f7d403f5,HIDDEN_M2_FINAL,3.12.10,2.4.1+cpu,CPU,VERIFIED_INFERENCE
m2v2-s20260815-0n23w-salinity-40p0-L12-2023-06,12,file-eb3face3dd7e54920bba56f362bcd9e3a7c90163d3a57a3cefe106800d82765b|S_NaN_0n23w|4|288,0n23w,2023-03-01 00:00:00,salinity,40.0,36.36106491088867,36.21770131300665,-0.14336359788202202,0.14336359788202202,0.020553121197678107,Mask-aware STGNN v2,artifacts/algorithm/v21_reliability_gate/checkpoint/mask_aware_stgnn_v2_full__salinity__40p0m.pt,ae511c57847ea9b66791fa4f3700d76438be9d8f50966ddfbf0b7391f7d403f5,HIDDEN_M2_FINAL,3.12.10,2.4.1+cpu,CPU,VERIFIED_INFERENCE
m2v2-s20260815-0n23w-salinity-40p0-L12-2023-06,12,file-eb3face3dd7e54920bba56f362bcd9e3a7c90163d3a57a3cefe106800d82765b|S_NaN_0n23w|4|289,0n23w,2023-04-01 00:00:00,salinity,40.0,36.32072448730469,36.21013466731929,-0.11058981998539963,0.11058981998539963,0.012230108284403095,Mask-aware STGNN v2,artifacts/algorithm/v21_reliability_gate/checkpoint/mask_aware_stgnn_v2_full__salinity__40p0m.pt,ae511c57847ea9b66791fa4f3700d76438be9d8f50966ddfbf0b7391f7d403f5,HIDDEN_M2_FINAL,3.12.10,2.4.1+cpu,CPU,VERIFIED_INFERENCE
m2v2-s20260815-0n23w-salinity-40p0-L12-2023-06,12,file-eb3face3dd7e54920bba56f362bcd9e3a7c90163d3a57a3cefe106800d82765b|S_NaN_0n23w|4|290,0n23w,2023-05-01 00:00:00,salinity,40.0,36.483585357666016,36.17822302168536,-0.30536233598065365,0.30536233598065365,0.09324615623556161,Mask-aware STGNN v2,artifacts/algorithm/v21_reliability_gate/checkpoint/mask_aware_stgnn_v2_full__salinity__40p0m.pt,ae511c57847ea9b66791fa4f3700d76438be9d8f50966ddfbf0b7391f7d403f5,HIDDEN_M2_FINAL,3.12.10,2.4.1+cpu,CPU,VERIFIED_INFERENCE
m2v2-s20260815-0n23w-salinity-40p0-L12-2023-06,12,file-eb3face3dd7e54920bba56f362bcd9e3a7c90163d3a57a3cefe106800d82765b|S_NaN_0n23w|4|291,0n23w,2023-06-01 00:00:00,salinity,40.0,36.43853759765625,36.13390328204085,-0.30463431561540233,0.30463431561540233,0.09280206625046455,Mask-aware STGNN v2,artifacts/algorithm/v21_reliability_gate/checkpoint/mask_aware_stgnn_v2_full__salinity__40p0m.pt,ae511c57847ea9b66791fa4f3700d76438be9d8f50966ddfbf0b7391f7d403f5,HIDDEN_M2_FINAL,3.12.10,2.4.1+cpu,CPU,VERIFIED_INFERENCE
m2v2-s20260815-15n38w-salinity-120p0-L12-2023-06,12,file-77ba2841bc553da2f2567dd46ab978a8349ad9df384f112837502d3ddc94959f|S_NaN_15n38w|7|293,15n38w,2022-07-01 00:00:00,salinity,120.0,36.55342102050781,36.76132060841885,0.20789958791103658,0.20789958791103658,0.043222238653578826,Mask-aware STGNN v2,artifacts/algorithm/v21_reliability_gate/checkpoint/mask_aware_stgnn_v2_full__salinity__120p0m.pt,83a21266d35a5b4e0733ddb7145cfcaff6113b0aaba58c133e4f069665e25a00,HIDDEN_M2_FINAL,3.12.10,2.4.1+cpu,CPU,VERIFIED_INFERENCE
m2v2-s20260815-15n38w-salinity-120p0-L12-2023-06,12,file-77ba2841bc553da2f2567dd46ab978a8349ad9df384f112837502d3ddc94959f|S_NaN_15n38w|7|294,15n38w,2022-08-01 00:00:00,salinity,120.0,36.50390625,36.617068120364024,0.11316187036402425,0.11316187036402425,0.01280560890428423,Mask-aware STGNN v2,artifacts/algorithm/v21_reliability_gate/checkpoint/mask_aware_stgnn_v2_full__salinity__120p0m.pt,83a21266d35a5b4e0733ddb7145cfcaff6113b0aaba58c133e4f069665e25a00,HIDDEN_M2_FINAL,3.12.10,2.4.1+cpu,CPU,VERIFIED_INFERENCE
m2v2-s20260815-15n38w-salinity-120p0-L12-2023-06,12,file-77ba2841bc553da2f2567dd46ab978a8349ad9df384f112837502d3ddc94959f|S_NaN_15n38w|7|295,15n38w,2022-09-01 00:00:00,salinity,120.0,36.65813446044922,36.35772080057213,-0.300413659877087,0.300413659877087,0.09024836704074612,Mask-aware STGNN v2,artifacts/algorithm/v21_reliability_gate/checkpoint/mask_aware_stgnn_v2_full__salinity__120p0m.pt,83a21266d35a5b4e0733ddb7145cfcaff6113b0aaba58c133e4f069665e25a00,HIDDEN_M2_FINAL,3.12.10,2.4.1+cpu,CPU,VERIFIED_INFERENCE
m2v2-s20260815-15n38w-salinity-120p0-L12-2023-06,12,file-77ba2841bc553da2f2567dd46ab978a8349ad9df384f112837502d3ddc94959f|S_NaN_15n38w|7|296,15n38w,2022-10-01 00:00:00,salinity,120.0,36.56916046142578,36.14843635854913,-0.4207241028766546,0.4207241028766546,0.17700877074136587,Mask-aware STGNN v2,artifacts/algorithm/v21_reliability_gate/checkpoint/mask_aware_stgnn_v2_full__salinity__120p0m.pt,83a21266d35a5b4e0733ddb7145cfcaff6113b0aaba58c133e4f069665e25a00,HIDDEN_M2_FINAL,3.12.10,2.4.1+cpu,CPU,VERIFIED_INFERENCE
m2v2-s20260815-15n38w-salinity-120p0-L12-2023-06,12,file-77ba2841bc553da2f2567dd46ab978a8349ad9df384f112837502d3ddc94959f|S_NaN_15n38w|7|297,15n38w,2022-11-01 00:00:00,salinity,120.0,36.61163330078125,36.01593237521905,-0.5957009255621983,0.5957009255621983,0.35485959271565976,Mask-aware STGNN v2,artifacts/algorithm/v21_reliability_gate/checkpoint/mask_aware_stgnn_v2_full__salinity__120p0m.pt,83a21266d35a5b4e0733ddb7145cfcaff6113b0aaba58c133e4f069665e25a00,HIDDEN_M2_FINAL,3.12.10,2.4.1+cpu,CPU,VERIFIED_INFERENCE
m2v2-s20260815-15n38w-salinity-120p0-L12-2023-06,12,file-77ba2841bc553da2f2567dd46ab978a8349ad9df384f112837502d3ddc94959f|S_NaN_15n38w|7|298,15n38w,2022-12-01 00:00:00,salinity,120.0,36.60884094238281,35.83972176051113,-0.7691191818716803,0.7691191818716803,0.5915443159229627,Mask-aware STGNN v2,artifacts/algorithm/v21_reliability_gate/checkpoint/mask_aware_stgnn_v2_full__salinity__120p0m.pt,83a21266d35a5b4e0733ddb7145cfcaff6113b0aaba58c133e4f069665e25a00,HIDDEN_M2_FINAL,3.12.10,2.4.1+cpu,CPU,VERIFIED_INFERENCE
m2v2-s20260815-15n38w-salinity-120p0-L12-2023-06,12,file-77ba2841bc553da2f2567dd46ab978a8349ad9df384f112837502d3ddc94959f|S_NaN_15n38w|7|299,15n38w,2023-01-01 00:00:00,salinity,120.0,36.93199920654297,35.81389487006102,-1.1181043364819487,1.1181043364819487,1.250157307259739,Mask-aware STGNN v2,artifacts/algorithm/v21_reliability_gate/checkpoint/mask_aware_stgnn_v2_full__salinity__120p0m.pt,83a21266d35a5b4e0733ddb7145cfcaff6113b0aaba58c133e4f069665e25a00,HIDDEN_M2_FINAL,3.12.10,2.4.1+cpu,CPU,VERIFIED_INFERENCE
m2v2-s20260815-15n38w-salinity-120p0-L12-2023-06,12,file-77ba2841bc553da2f2567dd46ab978a8349ad9df384f112837502d3ddc94959f|S_NaN_15n38w|7|300,15n38w,2023-02-01 00:00:00,salinity,120.0,37.10857391357422,35.795365867638345,-1.3132080459358733,1.3132080459358733,1.7245153719107147,Mask-aware STGNN v2,artifacts/algorithm/v21_reliability_gate/checkpoint/mask_aware_stgnn_v2_full__salinity__120p0m.pt,83a21266d35a5b4e0733ddb7145cfcaff6113b0aaba58c133e4f069665e25a00,HIDDEN_M2_FINAL,3.12.10,2.4.1+cpu,CPU,VERIFIED_INFERENCE
m2v2-s20260815-15n38w-salinity-120p0-L12-2023-06,12,file-77ba2841bc553da2f2567dd46ab978a8349ad9df384f112837502d3ddc94959f|S_NaN_15n38w|7|301,15n38w,2023-03-01 00:00:00,salinity,120.0,37.12568664550781,35.78389824328758,-1.3417884022202315,1.3417884022202315,1.8003961163327218,Mask-aware STGNN v2,artifacts/algorithm/v21_reliability_gate/checkpoint/mask_aware_stgnn_v2_full__salinity__120p0m.pt,83a21266d35a5b4e0733ddb7145cfcaff6113b0aaba58c133e4f069665e25a00,HIDDEN_M2_FINAL,3.12.10,2.4.1+cpu,CPU,VERIFIED_INFERENCE
m2v2-s20260815-15n38w-salinity-120p0-L12-2023-06,12,file-77ba2841bc553da2f2567dd46ab978a8349ad9df384f112837502d3ddc94959f|S_NaN_15n38w|7|302,15n38w,2023-04-01 00:00:00,salinity,120.0,36.84696960449219,35.78432423898767,-1.0626453655045154,1.0626453655045154,1.1292151728282251,Mask-aware STGNN v2,artifacts/algorithm/v21_reliability_gate/checkpoint/mask_aware_stgnn_v2_full__salinity__120p0m.pt,83a21266d35a5b4e0733ddb7145cfcaff6113b0aaba58c133e4f069665e25a00,HIDDEN_M2_FINAL,3.12.10,2.4.1+cpu,CPU,VERIFIED_INFERENCE
m2v2-s20260815-15n38w-salinity-120p0-L12-2023-06,12,file-77ba2841bc553da2f2567dd46ab978a8349ad9df384f112837502d3ddc94959f|S_NaN_15n38w|7|303,15n38w,2023-05-01 00:00:00,salinity,120.0,36.97354507446289,35.77913623173622,-1.1944088427266735,1.1944088427266735,1.4266124835836713,Mask-aware STGNN v2,artifacts/algorithm/v21_reliability_gate/checkpoint/mask_aware_stgnn_v2_full__salinity__120p0m.pt,83a21266d35a5b4e0733ddb7145cfcaff6113b0aaba58c133e4f069665e25a00,HIDDEN_M2_FINAL,3.12.10,2.4.1+cpu,CPU,VERIFIED_INFERENCE
m2v2-s20260815-15n38w-salinity-120p0-L12-2023-06,12,file-77ba2841bc553da2f2567dd46ab978a8349ad9df384f112837502d3ddc94959f|S_NaN_15n38w|7|304,15n38w,2023-06-01 00:00:00,salinity,120.0,36.93196105957031,35.77183147361045,-1.160129585959865,1.160129585959865,1.3459006562194078,Mask-aware STGNN v2,artifacts/algorithm/v21_reliability_gate/checkpoint/mask_aware_stgnn_v2_full__salinity__120p0m.pt,83a21266d35a5b4e0733ddb7145cfcaff6113b0aaba58c133e4f069665e25a00,HIDDEN_M2_FINAL,3.12.10,2.4.1+cpu,CPU,VERIFIED_INFERENCE
m2v2-s20260815-0n10w-temperature-1p0-L12-2022-06,12,file-217650acacfcbffad6e9b711858e86bda0cf26fe9605153945ee3ac3a9d7e21c|T_NaN_0n10w|0|286,0n10w,2021-07-01 00:00:00,temperature,1.0,25.21225929260254,26.522022563274486,1.3097632706719473,1.3097632706719473,1.7154798252012766,Mask-aware STGNN v2,artifacts/algorithm/v21_reliability_gate/checkpoint/mask_aware_stgnn_v2_full__temperature__1p0m.pt,3a375aeaf655cfd8e3adb2c78475b52a62bcc65a87d3f0da265a53fd8d5ab165,HIDDEN_M2_FINAL,3.12.10,2.4.1+cpu,CPU,VERIFIED_INFERENCE
m2v2-s20260815-0n10w-temperature-1p0-L12-2022-06,12,file-217650acacfcbffad6e9b711858e86bda0cf26fe9605153945ee3ac3a9d7e21c|T_NaN_0n10w|0|287,0n10w,2021-08-01 00:00:00,temperature,1.0,25.270002365112305,25.292244615063627,0.02224224995132218,0.02224224995132218,0.0004947176828970915,Mask-aware STGNN v2,artifacts/algorithm/v21_reliability_gate/checkpoint/mask_aware_stgnn_v2_full__temperature__1p0m.pt,3a375aeaf655cfd8e3adb2c78475b52a62bcc65a87d3f0da265a53fd8d5ab165,HIDDEN_M2_FINAL,3.12.10,2.4.1+cpu,CPU,VERIFIED_INFERENCE
m2v2-s20260815-0n10w-temperature-1p0-L12-2022-06,12,file-217650acacfcbffad6e9b711858e86bda0cf26fe9605153945ee3ac3a9d7e21c|T_NaN_0n10w|0|288,0n10w,2021-09-01 00:00:00,temperature,1.0,25.77633285522461,25.59056142230897,-0.18577143291564013,0.18577143291564013,0.03451102528753018,Mask-aware STGNN v2,artifacts/algorithm/v21_reliability_gate/checkpoint/mask_aware_stgnn_v2_full__temperature__1p0m.pt,3a375aeaf655cfd8e3adb2c78475b52a62bcc65a87d3f0da265a53fd8d5ab165,HIDDEN_M2_FINAL,3.12.10,2.4.1+cpu,CPU,VERIFIED_INFERENCE
m2v2-s20260815-0n10w-temperature-1p0-L12-2022-06,12,file-217650acacfcbffad6e9b711858e86bda0cf26fe9605153945ee3ac3a9d7e21c|T_NaN_0n10w|0|289,0n10w,2021-10-01 00:00:00,temperature,1.0,26.491933822631836,26.019363093305255,-0.4725707293265806,0.4725707293265806,0.22332309421625632,Mask-aware STGNN v2,artifacts/algorithm/v21_reliability_gate/checkpoint/mask_aware_stgnn_v2_full__temperature__1p0m.pt,3a375aeaf655cfd8e3adb2c78475b52a62bcc65a87d3f0da265a53fd8d5ab165,HIDDEN_M2_FINAL,3.12.10,2.4.1+cpu,CPU,VERIFIED_INFERENCE
m2v2-s20260815-0n10w-temperature-1p0-L12-2022-06,12,file-217650acacfcbffad6e9b711858e86bda0cf26fe9605153945ee3ac3a9d7e21c|T_NaN_0n10w|0|290,0n10w,2021-11-01 00:00:00,temperature,1.0,26.976335525512695,26.30933178130332,-0.6670037442093744,0.6670037442093744,0.4448939947893245,Mask-aware STGNN v2,artifacts/algorithm/v21_reliability_gate/checkpoint/mask_aware_stgnn_v2_full__temperature__1p0m.pt,3a375aeaf655cfd8e3adb2c78475b52a62bcc65a87d3f0da265a53fd8d5ab165,HIDDEN_M2_FINAL,3.12.10,2.4.1+cpu,CPU,VERIFIED_INFERENCE
m2v2-s20260815-0n10w-temperature-1p0-L12-2022-06,12,file-217650acacfcbffad6e9b711858e86bda0cf26fe9605153945ee3ac3a9d7e21c|T_NaN_0n10w|0|291,0n10w,2021-12-01 00:00:00,temperature,1.0,27.077739715576172,26.545129569816684,-0.5326101457594881,0.5326101457594881,0.2836735673659431,Mask-aware STGNN v2,artifacts/algorithm/v21_reliability_gate/checkpoint/mask_aware_stgnn_v2_full__temperature__1p0m.pt,3a375aeaf655cfd8e3adb2c78475b52a62bcc65a87d3f0da265a53fd8d5ab165,HIDDEN_M2_FINAL,3.12.10,2.4.1+cpu,CPU,VERIFIED_INFERENCE
m2v2-s20260815-0n10w-temperature-1p0-L12-2022-06,12,file-217650acacfcbffad6e9b711858e86bda0cf26fe9605153945ee3ac3a9d7e21c|T_NaN_0n10w|0|292,0n10w,2022-01-01 00:00:00,temperature,1.0,27.2851619720459,26.819579754468148,-0.46558221757775087,0.46558221757775087,0.21676680132461615,Mask-aware STGNN v2,artifacts/algorithm/v21_reliability_gate/checkpoint/mask_aware_stgnn_v2_full__temperature__1p0m.pt,3a375aeaf655cfd8e3adb2c78475b52a62bcc65a87d3f0da265a53fd8d5ab165,HIDDEN_M2_FINAL,3.12.10,2.4.1+cpu,CPU,VERIFIED_INFERENCE
m2v2-s20260815-0n10w-temperature-1p0-L12-2022-06,12,file-217650acacfcbffad6e9b711858e86bda0cf26fe9605153945ee3ac3a9d7e21c|T_NaN_0n10w|0|293,0n10w,2022-02-01 00:00:00,temperature,1.0,27.412500381469727,26.93851101709085,-0.47398936437887684,0.47398936437887684,0.2246659175442917,Mask-aware STGNN v2,artifacts/algorithm/v21_reliability_gate/checkpoint/mask_aware_stgnn_v2_full__temperature__1p0m.pt,3a375aeaf655cfd8e3adb2c78475b52a62bcc65a87d3f0da265a53fd8d5ab165,HIDDEN_M2_FINAL,3.12.10,2.4.1+cpu,CPU,VERIFIED_INFERENCE
m2v2-s20260815-0n10w-temperature-1p0-L12-2022-06,12,file-217650acacfcbffad6e9b711858e86bda0cf26fe9605153945ee3ac3a9d7e21c|T_NaN_0n10w|0|294,0n10w,2022-03-01 00:00:00,temperature,1.0,28.945669174194336,27.567849686624236,-1.3778194875701004,1.3778194875701004,1.898386540327934,Mask-aware STGNN v2,artifacts/algorithm/v21_reliability_gate/checkpoint/mask_aware_stgnn_v2_full__temperature__1p0m.pt,3a375aeaf655cfd8e3adb2c78475b52a62bcc65a87d3f0da265a53fd8d5ab165,HIDDEN_M2_FINAL,3.12.10,2.4.1+cpu,CPU,VERIFIED_INFERENCE
m2v2-s20260815-0n10w-temperature-1p0-L12-2022-06,12,file-217650acacfcbffad6e9b711858e86bda0cf26fe9605153945ee3ac3a9d7e21c|T_NaN_0n10w|0|295,0n10w,2022-04-01 00:00:00,temperature,1.0,28.711666107177734,27.70626900302607,-1.0053971041516654,1.0053971041516654,1.0108233370365547,Mask-aware STGNN v2,artifacts/algorithm/v21_reliability_gate/checkpoint/mask_aware_stgnn_v2_full__temperature__1p0m.pt,3a375aeaf655cfd8e3adb2c78475b52a62bcc65a87d3f0da265a53fd8d5ab165,HIDDEN_M2_FINAL,3.12.10,2.4.1+cpu,CPU,VERIFIED_INFERENCE
m2v2-s20260815-0n10w-temperature-1p0-L12-2022-06,12,file-217650acacfcbffad6e9b711858e86bda0cf26fe9605153945ee3ac3a9d7e21c|T_NaN_0n10w|0|296,0n10w,2022-05-01 00:00:00,temperature,1.0,27.38871192932129,27.303548510637526,-0.08516341868376287,0.08516341868376287,0.00725280788190589,Mask-aware STGNN v2,artifacts/algorithm/v21_reliability_gate/checkpoint/mask_aware_stgnn_v2_full__temperature__1p0m.pt,3a375aeaf655cfd8e3adb2c78475b52a62bcc65a87d3f0da265a53fd8d5ab165,HIDDEN_M2_FINAL,3.12.10,2.4.1+cpu,CPU,VERIFIED_INFERENCE
m2v2-s20260815-0n10w-temperature-1p0-L12-2022-06,12,file-217650acacfcbffad6e9b711858e86bda0cf26fe9605153945ee3ac3a9d7e21c|T_NaN_0n10w|0|297,0n10w,2022-06-01 00:00:00,temperature,1.0,25.963329315185547,26.309769447363372,0.34644013217782543,0.34644013217782543,0.12002076518338915,Mask-aware STGNN v2,artifacts/algorithm/v21_reliability_gate/checkpoint/mask_aware_stgnn_v2_full__temperature__1p0m.pt,3a375aeaf655cfd8e3adb2c78475b52a62bcc65a87d3f0da265a53fd8d5ab165,HIDDEN_M2_FINAL,3.12.10,2.4.1+cpu,CPU,VERIFIED_INFERENCE
m2v2-s20260815-20n38w-temperature-20p0-L12-2022-11,12,file-25ba08789a1a03a344e58d0b6df84a01709a0cf66916dbff7e747af661b636af|T_NaN_20n38w|4|174,20n38w,2021-12-01 00:00:00,temperature,20.0,25.47612953186035,26.594493019210873,1.1183634873505213,1.1183634873505213,1.2507368898388196,Mask-aware STGNN v2,artifacts/algorithm/v21_reliability_gate/checkpoint/mask_aware_stgnn_v2_full__temperature__20p0m.pt,9b19409827eceabffc2604de2c4cbd26e28df14abdd2fd35c8b3490e3ff75fd2,HIDDEN_M2_FINAL,3.12.10,2.4.1+cpu,CPU,VERIFIED_INFERENCE
m2v2-s20260815-20n38w-temperature-20p0-L12-2022-11,12,file-25ba08789a1a03a344e58d0b6df84a01709a0cf66916dbff7e747af661b636af|T_NaN_20n38w|4|175,20n38w,2022-01-01 00:00:00,temperature,20.0,24.690967559814453,26.24465973208279,1.5536921722683381,1.5536921722683381,2.4139593661679073,Mask-aware STGNN v2,artifacts/algorithm/v21_reliability_gate/checkpoint/mask_aware_stgnn_v2_full__temperature__20p0m.pt,9b19409827eceabffc2604de2c4cbd26e28df14abdd2fd35c8b3490e3ff75fd2,HIDDEN_M2_FINAL,3.12.10,2.4.1+cpu,CPU,VERIFIED_INFERENCE
m2v2-s20260815-20n38w-temperature-20p0-L12-2022-11,12,file-25ba08789a1a03a344e58d0b6df84a01709a0cf66916dbff7e747af661b636af|T_NaN_20n38w|4|176,20n38w,2022-02-01 00:00:00,temperature,20.0,24.22607421875,26.18128722768461,1.95521300893461,1.95521300893461,3.8228579103071314,Mask-aware STGNN v2,artifacts/algorithm/v21_reliability_gate/checkpoint/mask_aware_stgnn_v2_full__temperature__20p0m.pt,9b19409827eceabffc2604de2c4cbd26e28df14abdd2fd35c8b3490e3ff75fd2,HIDDEN_M2_FINAL,3.12.10,2.4.1+cpu,CPU,VERIFIED_INFERENCE
m2v2-s20260815-20n38w-temperature-20p0-L12-2022-11,12,file-25ba08789a1a03a344e58d0b6df84a01709a0cf66916dbff7e747af661b636af|T_NaN_20n38w|4|177,20n38w,2022-03-01 00:00:00,temperature,20.0,23.736129760742188,26.150774046431177,2.41464428568899,2.41464428568899,5.8305070264104915,Mask-aware STGNN v2,artifacts/algorithm/v21_reliability_gate/checkpoint/mask_aware_stgnn_v2_full__temperature__20p0m.pt,9b19409827eceabffc2604de2c4cbd26e28df14abdd2fd35c8b3490e3ff75fd2,HIDDEN_M2_FINAL,3.12.10,2.4.1+cpu,CPU,VERIFIED_INFERENCE
m2v2-s20260815-20n38w-temperature-20p0-L12-2022-11,12,file-25ba08789a1a03a344e58d0b6df84a01709a0cf66916dbff7e747af661b636af|T_NaN_20n38w|4|178,20n38w,2022-04-01 00:00:00,temperature,20.0,24.02833366394043,26.2059533163495,2.1776196524090707,2.1776196524090707,4.742027350558202,Mask-aware STGNN v2,artifacts/algorithm/v21_reliability_gate/checkpoint/mask_aware_stgnn_v2_full__temperature__20p0m.pt,9b19409827eceabffc2604de2c4cbd26e28df14abdd2fd35c8b3490e3ff75fd2,HIDDEN_M2_FINAL,3.12.10,2.4.1+cpu,CPU,VERIFIED_INFERENCE
m2v2-s20260815-20n38w-temperature-20p0-L12-2022-11,12,file-25ba08789a1a03a344e58d0b6df84a01709a0cf66916dbff7e747af661b636af|T_NaN_20n38w|4|179,20n38w,2022-05-01 00:00:00,temperature,20.0,25.033544540405273,26.21415127423203,1.1806067338267567,1.1806067338267567,1.3938322599570825,Mask-aware STGNN v2,artifacts/algorithm/v21_reliability_gate/checkpoint/mask_aware_stgnn_v2_full__temperature__20p0m.pt,9b19409827eceabffc2604de2c4cbd26e28df14abdd2fd35c8b3490e3ff75fd2,HIDDEN_M2_FINAL,3.12.10,2.4.1+cpu,CPU,VERIFIED_INFERENCE
m2v2-s20260815-20n38w-temperature-20p0-L12-2022-11,12,file-25ba08789a1a03a344e58d0b6df84a01709a0cf66916dbff7e747af661b636af|T_NaN_20n38w|4|180,20n38w,2022-06-01 00:00:00,temperature,20.0,25.236003875732422,26.250963504458973,1.014959628726551,1.014959628726551,1.0301430479447382,Mask-aware STGNN v2,artifacts/algorithm/v21_reliability_gate/checkpoint/mask_aware_stgnn_v2_full__temperature__20p0m.pt,9b19409827eceabffc2604de2c4cbd26e28df14abdd2fd35c8b3490e3ff75fd2,HIDDEN_M2_FINAL,3.12.10,2.4.1+cpu,CPU,VERIFIED_INFERENCE
m2v2-s20260815-20n38w-temperature-20p0-L12-2022-11,12,file-25ba08789a1a03a344e58d0b6df84a01709a0cf66916dbff7e747af661b636af|T_NaN_20n38w|4|181,20n38w,2022-07-01 00:00:00,temperature,20.0,25.334518432617188,26.485567975252433,1.1510495426352456,1.1510495426352456,1.3249150496008082,Mask-aware STGNN v2,artifacts/algorithm/v21_reliability_gate/checkpoint/mask_aware_stgnn_v2_full__temperature__20p0m.pt,9b19409827eceabffc2604de2c4cbd26e28df14abdd2fd35c8b3490e3ff75fd2,HIDDEN_M2_FINAL,3.12.10,2.4.1+cpu,CPU,VERIFIED_INFERENCE
m2v2-s20260815-20n38w-temperature-20p0-L12-2022-11,12,file-25ba08789a1a03a344e58d0b6df84a01709a0cf66916dbff7e747af661b636af|T_NaN_20n38w|4|182,20n38w,2022-08-01 00:00:00,temperature,20.0,25.824838638305664,26.923540657150582,1.098702018844918,1.098702018844918,1.2071461262138983,Mask-aware STGNN v2,artifacts/algorithm/v21_reliability_gate/checkpoint/mask_aware_stgnn_v2_full__temperature__20p0m.pt,9b19409827eceabffc2604de2c4cbd26e28df14abdd2fd35c8b3490e3ff75fd2,HIDDEN_M2_FINAL,3.12.10,2.4.1+cpu,CPU,VERIFIED_INFERENCE
m2v2-s20260815-20n38w-temperature-20p0-L12-2022-11,12,file-25ba08789a1a03a344e58d0b6df84a01709a0cf66916dbff7e747af661b636af|T_NaN_20n38w|4|183,20n38w,2022-09-01 00:00:00,temperature,20.0,26.705995559692383,27.07453536267051,0.36853980297812683,0.36853980297812683,0.13582158637915653,Mask-aware STGNN v2,artifacts/algorithm/v21_reliability_gate/checkpoint/mask_aware_stgnn_v2_full__temperature__20p0m.pt,9b19409827eceabffc2604de2c4cbd26e28df14abdd2fd35c8b3490e3ff75fd2,HIDDEN_M2_FINAL,3.12.10,2.4.1+cpu,CPU,VERIFIED_INFERENCE
m2v2-s20260815-20n38w-temperature-20p0-L12-2022-11,12,file-25ba08789a1a03a344e58d0b6df84a01709a0cf66916dbff7e747af661b636af|T_NaN_20n38w|4|184,20n38w,2022-10-01 00:00:00,temperature,20.0,27.003870010375977,26.951998122629863,-0.05187188774611329,0.05187188774611329,0.002690692738345378,Mask-aware STGNN v2,artifacts/algorithm/v21_reliability_gate/checkpoint/mask_aware_stgnn_v2_full__temperature__20p0m.pt,9b19409827eceabffc2604de2c4cbd26e28df14abdd2fd35c8b3490e3ff75fd2,HIDDEN_M2_FINAL,3.12.10,2.4.1+cpu,CPU,VERIFIED_INFERENCE
m2v2-s20260815-20n38w-temperature-20p0-L12-2022-11,12,file-25ba08789a1a03a344e58d0b6df84a01709a0cf66916dbff7e747af661b636af|T_NaN_20n38w|4|185,20n38w,2022-11-01 00:00:00,temperature,20.0,26.485332489013672,26.472115168751532,-0.01321732026213951,0.01321732026213951,0.00017469755491196363,Mask-aware STGNN v2,artifacts/algorithm/v21_reliability_gate/checkpoint/mask_aware_stgnn_v2_full__temperature__20p0m.pt,9b19409827eceabffc2604de2c4cbd26e28df14abdd2fd35c8b3490e3ff75fd2,HIDDEN_M2_FINAL,3.12.10,2.4.1+cpu,CPU,VERIFIED_INFERENCE
m2v2-s20260815-12n23w-temperature-40p0-L12-2020-11,12,file-ced969c0ab43418205c85e3a42b41e1d8a79ee659db91f55ce10202939437bef|T_NaN_12n23w|5|162,12n23w,2019-12-01 00:00:00,temperature,40.0,19.00387191772461,20.32220626818819,1.31833435046358,1.31833435046358,1.7380054596122294,Mask-aware STGNN v2,artifacts/algorithm/v21_reliability_gate/checkpoint/mask_aware_stgnn_v2_full__temperature__40p0m.pt,db3dbe4d0aa36281c6a1f6cb252eae2babc2d643e474ff5fff049c81532b31b0,HIDDEN_M2_FINAL,3.12.10,2.4.1+cpu,CPU,VERIFIED_INFERENCE
m2v2-s20260815-12n23w-temperature-40p0-L12-2020-11,12,file-ced969c0ab43418205c85e3a42b41e1d8a79ee659db91f55ce10202939437bef|T_NaN_12n23w|5|163,12n23w,2020-01-01 00:00:00,temperature,40.0,20.901615142822266,22.274649384918266,1.3730342420960007,1.3730342420960007,1.885223029968139,Mask-aware STGNN v2,artifacts/algorithm/v21_reliability_gate/checkpoint/mask_aware_stgnn_v2_full__temperature__40p0m.pt,db3dbe4d0aa36281c6a1f6cb252eae2babc2d643e474ff5fff049c81532b31b0,HIDDEN_M2_FINAL,3.12.10,2.4.1+cpu,CPU,VERIFIED_INFERENCE
m2v2-s20260815-12n23w-temperature-40p0-L12-2020-11,12,file-ced969c0ab43418205c85e3a42b41e1d8a79ee659db91f55ce10202939437bef|T_NaN_12n23w|5|164,12n23w,2020-02-01 00:00:00,temperature,40.0,20.154829025268555,23.615914029445186,3.4610850041766312,3.4610850041766312,11.97910940613635,Mask-aware STGNN v2,artifacts/algorithm/v21_reliability_gate/checkpoint/mask_aware_stgnn_v2_full__temperature__40p0m.pt,db3dbe4d0aa36281c6a1f6cb252eae2babc2d643e474ff5fff049c81532b31b0,HIDDEN_M2_FINAL,3.12.10,2.4.1+cpu,CPU,VERIFIED_INFERENCE
m2v2-s20260815-12n23w-temperature-40p0-L12-2020-11,12,file-ced969c0ab43418205c85e3a42b41e1d8a79ee659db91f55ce10202939437bef|T_NaN_12n23w|5|165,12n23w,2020-03-01 00:00:00,temperature,40.0,21.382259368896484,24.27196006354142,2.8897006946449366,2.8897006946449366,8.350370104631429,Mask-aware STGNN v2,artifacts/algorithm/v21_reliability_gate/checkpoint/mask_aware_stgnn_v2_full__temperature__40p0m.pt,db3dbe4d0aa36281c6a1f6cb252eae2babc2d643e474ff5fff049c81532b31b0,HIDDEN_M2_FINAL,3.12.10,2.4.1+cpu,CPU,VERIFIED_INFERENCE
m2v2-s20260815-12n23w-temperature-40p0-L12-2020-11,12,file-ced969c0ab43418205c85e3a42b41e1d8a79ee659db91f55ce10202939437bef|T_NaN_12n23w|5|166,12n23w,2020-04-01 00:00:00,temperature,40.0,19.308664321899414,24.832769334102444,5.52410501220303,5.52410501220303,30.51573618584664,Mask-aware STGNN v2,artifacts/algorithm/v21_reliability_gate/checkpoint/mask_aware_stgnn_v2_full__temperature__40p0m.pt,db3dbe4d0aa36281c6a1f6cb252eae2babc2d643e474ff5fff049c81532b31b0,HIDDEN_M2_FINAL,3.12.10,2.4.1+cpu,CPU,VERIFIED_INFERENCE
m2v2-s20260815-12n23w-temperature-40p0-L12-2020-11,12,file-ced969c0ab43418205c85e3a42b41e1d8a79ee659db91f55ce10202939437bef|T_NaN_12n23w|5|167,12n23w,2020-05-01 00:00:00,temperature,40.0,20.183549880981445,25.183541285956412,4.999991404974967,4.999991404974967,24.999914049823545,Mask-aware STGNN v2,artifacts/algorithm/v21_reliability_gate/checkpoint/mask_aware_stgnn_v2_full__temperature__40p0m.pt,db3dbe4d0aa36281c6a1f6cb252eae2babc2d643e474ff5fff049c81532b31b0,HIDDEN_M2_FINAL,3.12.10,2.4.1+cpu,CPU,VERIFIED_INFERENCE
m2v2-s20260815-12n23w-temperature-40p0-L12-2020-11,12,file-ced969c0ab43418205c85e3a42b41e1d8a79ee659db91f55ce10202939437bef|T_NaN_12n23w|5|168,12n23w,2020-06-01 00:00:00,temperature,40.0,22.7399959564209,25.71675213265561,2.976756176234712,2.976756176234712,8.861077332751504,Mask-aware STGNN v2,artifacts/algorithm/v21_reliability_gate/checkpoint/mask_aware_stgnn_v2_full__temperature__40p0m.pt,db3dbe4d0aa36281c6a1f6cb252eae2babc2d643e474ff5fff049c81532b31b0,HIDDEN_M2_FINAL,3.12.10,2.4.1+cpu,CPU,VERIFIED_INFERENCE
m2v2-s20260815-12n23w-temperature-40p0-L12-2020-11,12,file-ced969c0ab43418205c85e3a42b41e1d8a79ee659db91f55ce10202939437bef|T_NaN_12n23w|5|169,12n23w,2020-07-01 00:00:00,temperature,40.0,21.091938018798828,25.966921018900138,4.8749830001013095,4.8749830001013095,23.765459251276763,Mask-aware STGNN v2,artifacts/algorithm/v21_reliability_gate/checkpoint/mask_aware_stgnn_v2_full__temperature__40p0m.pt,db3dbe4d0aa36281c6a1f6cb252eae2babc2d643e474ff5fff049c81532b31b0,HIDDEN_M2_FINAL,3.12.10,2.4.1+cpu,CPU,VERIFIED_INFERENCE
m2v2-s20260815-12n23w-temperature-40p0-L12-2020-11,12,file-ced969c0ab43418205c85e3a42b41e1d8a79ee659db91f55ce10202939437bef|T_NaN_12n23w|5|170,12n23w,2020-08-01 00:00:00,temperature,40.0,19.909997940063477,26.1316527749375,6.221654834874023,6.221654834874023,38.70898888431131,Mask-aware STGNN v2,artifacts/algorithm/v21_reliability_gate/checkpoint/mask_aware_stgnn_v2_full__temperature__40p0m.pt,db3dbe4d0aa36281c6a1f6cb252eae2babc2d643e474ff5fff049c81532b31b0,HIDDEN_M2_FINAL,3.12.10,2.4.1+cpu,CPU,VERIFIED_INFERENCE
m2v2-s20260815-12n23w-temperature-40p0-L12-2020-11,12,file-ced969c0ab43418205c85e3a42b41e1d8a79ee659db91f55ce10202939437bef|T_NaN_12n23w|5|171,12n23w,2020-09-01 00:00:00,temperature,40.0,17.717998504638672,26.4454240278626,8.727425523223928,8.727425523223928,76.16795626342046,Mask-aware STGNN v2,artifacts/algorithm/v21_reliability_gate/checkpoint/mask_aware_stgnn_v2_full__temperature__40p0m.pt,db3dbe4d0aa36281c6a1f6cb252eae2babc2d643e474ff5fff049c81532b31b0,HIDDEN_M2_FINAL,3.12.10,2.4.1+cpu,CPU,VERIFIED_INFERENCE
m2v2-s20260815-12n23w-temperature-40p0-L12-2020-11,12,file-ced969c0ab43418205c85e3a42b41e1d8a79ee659db91f55ce10202939437bef|T_NaN_12n23w|5|172,12n23w,2020-10-01 00:00:00,temperature,40.0,19.766128540039062,26.60164929270263,6.835520752663566,6.835520752663566,46.72434396009428,Mask-aware STGNN v2,artifacts/algorithm/v21_reliability_gate/checkpoint/mask_aware_stgnn_v2_full__temperature__40p0m.pt,db3dbe4d0aa36281c6a1f6cb252eae2babc2d643e474ff5fff049c81532b31b0,HIDDEN_M2_FINAL,3.12.10,2.4.1+cpu,CPU,VERIFIED_INFERENCE
m2v2-s20260815-12n23w-temperature-40p0-L12-2020-11,12,file-ced969c0ab43418205c85e3a42b41e1d8a79ee659db91f55ce10202939437bef|T_NaN_12n23w|5|173,12n23w,2020-11-01 00:00:00,temperature,40.0,22.0310001373291,26.536544294232115,4.505544156903014,4.505544156903014,20.299928149802888,Mask-aware STGNN v2,artifacts/algorithm/v21_reliability_gate/checkpoint/mask_aware_stgnn_v2_full__temperature__40p0m.pt,db3dbe4d0aa36281c6a1f6cb252eae2babc2d643e474ff5fff049c81532b31b0,HIDDEN_M2_FINAL,3.12.10,2.4.1+cpu,CPU,VERIFIED_INFERENCE
m2v2-s20260815-21n23w-temperature-120p0-L12-2024-02,12,file-d7c8fcbf4deac44b8d35f5b25d86e9bd738c4446e9c009459b78c5137e95ba88|T_NaN_21n23w|8|189,21n23w,2023-03-01 00:00:00,temperature,120.0,19.65064239501953,19.2420019257916,-0.4086404692279295,0.4086404692279295,0.1669870330908224,Mask-aware STGNN v2,artifacts/algorithm/v21_reliability_gate/checkpoint/mask_aware_stgnn_v2_full__temperature__120p0m.pt,8cc82b27d56707b41d9bc008edba0ba11446e8f1f2647b6f16039435523d7443,HIDDEN_M2_FINAL,3.12.10,2.4.1+cpu,CPU,VERIFIED_INFERENCE
m2v2-s20260815-21n23w-temperature-120p0-L12-2024-02,12,file-d7c8fcbf4deac44b8d35f5b25d86e9bd738c4446e9c009459b78c5137e95ba88|T_NaN_21n23w|8|190,21n23w,2023-04-01 00:00:00,temperature,120.0,20.00999641418457,18.620141068463,-1.3898553457215712,1.3898553457215712,1.9316978820308282,Mask-aware STGNN v2,artifacts/algorithm/v21_reliability_gate/checkpoint/mask_aware_stgnn_v2_full__temperature__120p0m.pt,8cc82b27d56707b41d9bc008edba0ba11446e8f1f2647b6f16039435523d7443,HIDDEN_M2_FINAL,3.12.10,2.4.1+cpu,CPU,VERIFIED_INFERENCE
m2v2-s20260815-21n23w-temperature-120p0-L12-2024-02,12,file-d7c8fcbf4deac44b8d35f5b25d86e9bd738c4446e9c009459b78c5137e95ba88|T_NaN_21n23w|8|191,21n23w,2023-05-01 00:00:00,temperature,120.0,18.337093353271484,17.851695514825494,-0.4853978384459907,0.4853978384459907,0.2356110615680401,Mask-aware STGNN v2,artifacts/algorithm/v21_reliability_gate/checkpoint/mask_aware_stgnn_v2_full__temperature__120p0m.pt,8cc82b27d56707b41d9bc008edba0ba11446e8f1f2647b6f16039435523d7443,HIDDEN_M2_FINAL,3.12.10,2.4.1+cpu,CPU,VERIFIED_INFERENCE
m2v2-s20260815-21n23w-temperature-120p0-L12-2024-02,12,file-d7c8fcbf4deac44b8d35f5b25d86e9bd738c4446e9c009459b78c5137e95ba88|T_NaN_21n23w|8|192,21n23w,2023-06-01 00:00:00,temperature,120.0,18.03299903869629,17.032151692867373,-1.000847345828916,1.000847345828916,1.0016954096527857,Mask-aware STGNN v2,artifacts/algorithm/v21_reliability_gate/checkpoint/mask_aware_stgnn_v2_full__temperature__120p0m.pt,8cc82b27d56707b41d9bc008edba0ba11446e8f1f2647b6f16039435523d7443,HIDDEN_M2_FINAL,3.12.10,2.4.1+cpu,CPU,VERIFIED_INFERENCE
m2v2-s20260815-21n23w-temperature-120p0-L12-2024-02,12,file-d7c8fcbf4deac44b8d35f5b25d86e9bd738c4446e9c009459b78c5137e95ba88|T_NaN_21n23w|8|193,21n23w,2023-07-01 00:00:00,temperature,120.0,17.956127166748047,16.525640251694746,-1.4304869150533008,1.4304869150533008,2.0462928141387096,Mask-aware STGNN v2,artifacts/algorithm/v21_reliability_gate/checkpoint/mask_aware_stgnn_v2_full__temperature__120p0m.pt,8cc82b27d56707b41d9bc008edba0ba11446e8f1f2647b6f16039435523d7443,HIDDEN_M2_FINAL,3.12.10,2.4.1+cpu,CPU,VERIFIED_INFERENCE
m2v2-s20260815-21n23w-temperature-120p0-L12-2024-02,12,file-d7c8fcbf4deac44b8d35f5b25d86e9bd738c4446e9c009459b78c5137e95ba88|T_NaN_21n23w|8|194,21n23w,2023-08-01 00:00:00,temperature,120.0,16.975482940673828,16.2879086478971,-0.687574292776727,0.687574292776727,0.4727584080874163,Mask-aware STGNN v2,artifacts/algorithm/v21_reliability_gate/checkpoint/mask_aware_stgnn_v2_full__temperature__120p0m.pt,8cc82b27d56707b41d9bc008edba0ba11446e8f1f2647b6f16039435523d7443,HIDDEN_M2_FINAL,3.12.10,2.4.1+cpu,CPU,VERIFIED_INFERENCE
m2v2-s20260815-21n23w-temperature-120p0-L12-2024-02,12,file-d7c8fcbf4deac44b8d35f5b25d86e9bd738c4446e9c009459b78c5137e95ba88|T_NaN_21n23w|8|195,21n23w,2023-09-01 00:00:00,temperature,120.0,17.213998794555664,16.279365522749256,-0.9346332718064083,0.9346332718064083,0.8735393527675516,Mask-aware STGNN v2,artifacts/algorithm/v21_reliability_gate/checkpoint/mask_aware_stgnn_v2_full__temperature__120p0m.pt,8cc82b27d56707b41d9bc008edba0ba11446e8f1f2647b6f16039435523d7443,HIDDEN_M2_FINAL,3.12.10,2.4.1+cpu,CPU,VERIFIED_INFERENCE
m2v2-s20260815-21n23w-temperature-120p0-L12-2024-02,12,file-d7c8fcbf4deac44b8d35f5b25d86e9bd738c4446e9c009459b78c5137e95ba88|T_NaN_21n23w|8|196,21n23w,2023-10-01 00:00:00,temperature,120.0,16.764514923095703,16.375086333179027,-0.38942858991667606,0.38942858991667606,0.15165462664449064,Mask-aware STGNN v2,artifacts/algorithm/v21_reliability_gate/checkpoint/mask_aware_stgnn_v2_full__temperature__120p0m.pt,8cc82b27d56707b41d9bc008edba0ba11446e8f1f2647b6f16039435523d7443,HIDDEN_M2_FINAL,3.12.10,2.4.1+cpu,CPU,VERIFIED_INFERENCE
m2v2-s20260815-21n23w-temperature-120p0-L12-2024-02,12,file-d7c8fcbf4deac44b8d35f5b25d86e9bd738c4446e9c009459b78c5137e95ba88|T_NaN_21n23w|8|197,21n23w,2023-11-01 00:00:00,temperature,120.0,18.555334091186523,16.399191673497064,-2.156142417689459,2.156142417689459,4.648950125359746,Mask-aware STGNN v2,artifacts/algorithm/v21_reliability_gate/checkpoint/mask_aware_stgnn_v2_full__temperature__120p0m.pt,8cc82b27d56707b41d9bc008edba0ba11446e8f1f2647b6f16039435523d7443,HIDDEN_M2_FINAL,3.12.10,2.4.1+cpu,CPU,VERIFIED_INFERENCE
m2v2-s20260815-21n23w-temperature-120p0-L12-2024-02,12,file-d7c8fcbf4deac44b8d35f5b25d86e9bd738c4446e9c009459b78c5137e95ba88|T_NaN_21n23w|8|198,21n23w,2023-12-01 00:00:00,temperature,120.0,17.696773529052734,16.49222063104643,-1.2045528980063054,1.2045528980063054,1.4509476840953888,Mask-aware STGNN v2,artifacts/algorithm/v21_reliability_gate/checkpoint/mask_aware_stgnn_v2_full__temperature__120p0m.pt,8cc82b27d56707b41d9bc008edba0ba11446e8f1f2647b6f16039435523d7443,HIDDEN_M2_FINAL,3.12.10,2.4.1+cpu,CPU,VERIFIED_INFERENCE
m2v2-s20260815-21n23w-temperature-120p0-L12-2024-02,12,file-d7c8fcbf4deac44b8d35f5b25d86e9bd738c4446e9c009459b78c5137e95ba88|T_NaN_21n23w|8|199,21n23w,2024-01-01 00:00:00,temperature,120.0,17.790647506713867,16.47962190072974,-1.3110256059841277,1.3110256059841277,1.7187881395460491,Mask-aware STGNN v2,artifacts/algorithm/v21_reliability_gate/checkpoint/mask_aware_stgnn_v2_full__temperature__120p0m.pt,8cc82b27d56707b41d9bc008edba0ba11446e8f1f2647b6f16039435523d7443,HIDDEN_M2_FINAL,3.12.10,2.4.1+cpu,CPU,VERIFIED_INFERENCE
m2v2-s20260815-21n23w-temperature-120p0-L12-2024-02,12,file-d7c8fcbf4deac44b8d35f5b25d86e9bd738c4446e9c009459b78c5137e95ba88|T_NaN_21n23w|8|200,21n23w,2024-02-01 00:00:00,temperature,120.0,18.580345153808594,16.39130296170204,-2.1890421921065553,2.1890421921065553,4.791905718822672,Mask-aware STGNN v2,artifacts/algorithm/v21_reliability_gate/checkpoint/mask_aware_stgnn_v2_full__temperature__120p0m.pt,8cc82b27d56707b41d9bc008edba0ba11446e8f1f2647b6f16039435523d7443,HIDDEN_M2_FINAL,3.12.10,2.4.1+cpu,CPU,VERIFIED_INFERENCE
