station_id_raw,depth,temperature_count,salinity_count,temperature_missing_count,salinity_missing_count
0n0e,1.0,217,152,61,125
0n0e,100.0,182,0,96,0
0n0e,120.0,196,190,82,87
0n0e,140.0,218,0,60,0
0n0e,180.0,207,0,71,0
0n0e,20.0,188,188,90,89
0n0e,300.0,214,0,64,0
0n0e,40.0,206,203,72,74
0n0e,60.0,219,0,59,0
0n0e,80.0,220,0,58,0
0n10w,1.0,261,222,62,84
0n10w,10.0,93,93,230,213
0n10w,100.0,259,0,64,0
0n10w,120.0,255,253,68,53
0n10w,140.0,259,0,64,0
0n10w,180.0,267,0,56,0
0n10w,20.0,244,238,79,68
0n10w,300.0,247,0,76,0
0n10w,40.0,266,259,57,47
0n10w,5.0,89,89,234,217
0n10w,60.0,248,11,75,295
0n10w,80.0,255,23,68,283
0n23w,1.0,260,246,45,59
0n23w,10.0,205,202,100,103
0n23w,100.0,271,0,34,0
0n23w,120.0,265,260,40,45
0n23w,13.0,47,0,258,0
0n23w,140.0,279,0,26,0
0n23w,180.0,286,0,19,0
0n23w,20.0,252,206,53,99
0n23w,300.0,278,0,27,0
0n23w,40.0,279,279,26,26
0n23w,5.0,152,125,153,180
0n23w,60.0,247,170,58,135
0n23w,80.0,271,206,34,99
0n35w,1.0,220,159,98,159
0n35w,10.0,17,17,301,301
0n35w,100.0,243,0,75,0
0n35w,120.0,243,230,75,88
0n35w,140.0,265,0,53,0
0n35w,180.0,263,0,55,0
0n35w,20.0,189,163,129,155
0n35w,300.0,275,0,43,0
0n35w,40.0,198,186,120,132
0n35w,60.0,224,0,94,0
0n35w,80.0,235,13,83,305
0n3w,1.0,39,37,1,3
0n3w,100.0,16,0,24,0
0n3w,120.0,24,24,16,16
0n3w,140.0,28,0,12,0
0n3w,180.0,28,0,12,0
0n3w,20.0,28,28,12,12
0n3w,300.0,28,0,12,0
0n3w,40.0,28,28,12,12
0n3w,60.0,28,0,12,0
0n3w,80.0,28,0,12,0
10s10w,1.0,288,277,35,32
10s10w,10.0,193,144,130,165
10s10w,100.0,301,11,22,298
10s10w,120.0,296,282,27,27
10s10w,13.0,77,0,246,0
10s10w,140.0,304,0,19,0
10s10w,180.0,303,0,20,0
10s10w,20.0,292,281,31,28
10s10w,300.0,294,0,29,0
10s10w,40.0,279,258,44,51
10s10w,5.0,185,151,138,158
10s10w,60.0,286,206,37,103
10s10w,80.0,308,206,15,103
12n23w,1.0,167,139,51,79
12n23w,10.0,211,177,7,41
12n23w,100.0,194,0,24,0
12n23w,120.0,214,214,4,4
12n23w,13.0,30,0,188,0
12n23w,140.0,214,0,4,0
12n23w,180.0,205,0,13,0
12n23w,20.0,197,197,21,21
12n23w,300.0,183,0,35,0
12n23w,40.0,202,197,16,21
12n23w,5.0,187,156,31,62
12n23w,60.0,214,214,4,4
12n23w,80.0,214,202,4,16
12n38w,1.0,208,130,95,142
12n38w,100.0,259,0,44,0
12n38w,120.0,257,219,46,53
12n38w,140.0,274,0,29,0
12n38w,180.0,283,0,20,0
12n38w,20.0,188,153,115,119
12n38w,300.0,271,0,32,0
12n38w,40.0,246,186,57,86
12n38w,60.0,259,0,44,0
12n38w,80.0,272,0,31,0
14s32w,1.0,179,153,41,67
14s32w,10.0,16,16,204,204
14s32w,100.0,186,0,34,0
14s32w,120.0,188,187,32,33
14s32w,140.0,205,0,15,0
14s32w,180.0,203,0,17,0
14s32w,20.0,155,155,65,65
14s32w,300.0,193,0,27,0
14s32w,40.0,190,189,30,31
14s32w,60.0,186,0,34,0
14s32w,80.0,193,0,27,0
15n38w,1.0,266,205,52,103
15n38w,10.0,200,173,118,135
15n38w,100.0,295,0,23,0
15n38w,120.0,276,254,42,54
15n38w,13.0,56,0,262,0
15n38w,140.0,281,0,37,0
15n38w,180.0,273,0,45,0
15n38w,20.0,295,265,23,43
15n38w,300.0,270,0,48,0
15n38w,40.0,298,266,20,42
15n38w,5.0,163,140,155,168
15n38w,60.0,280,186,38,122
15n38w,80.0,288,201,30,107
19s34w,1.0,194,0,33,0
19s34w,10.0,134,0,93,0
19s34w,100.0,195,0,32,0
19s34w,120.0,160,0,67,0
19s34w,140.0,202,0,25,0
19s34w,180.0,179,0,48,0
19s34w,20.0,179,0,48,0
19s34w,300.0,183,0,44,0
19s34w,40.0,200,0,27,0
19s34w,5.0,121,0,106,0
19s34w,60.0,188,0,39,0
19s34w,80.0,145,0,82,0
20n38w,1.0,175,139,31,50
20n38w,10.0,177,145,29,44
20n38w,100.0,170,0,36,0
20n38w,120.0,179,167,27,22
20n38w,13.0,68,0,138,0
20n38w,140.0,190,0,16,0
20n38w,180.0,188,0,18,0
20n38w,20.0,154,142,52,47
20n38w,30.0,10,10,196,179
20n38w,300.0,190,0,16,0
20n38w,40.0,145,111,61,78
20n38w,5.0,28,28,178,161
20n38w,60.0,186,173,20,16
20n38w,80.0,172,10,34,179
20s10w,1.0,47,47,6,6
20s10w,10.0,34,23,19,30
20s10w,100.0,47,0,6,0
20s10w,120.0,36,29,17,24
20s10w,140.0,47,0,6,0
20s10w,180.0,42,0,11,0
20s10w,20.0,47,40,6,13
20s10w,300.0,47,0,6,0
20s10w,40.0,47,34,6,19
20s10w,5.0,34,23,19,30
20s10w,60.0,47,34,6,19
20s10w,80.0,47,23,6,30
21n23w,1.0,162,0,44,0
21n23w,10.0,173,0,33,0
21n23w,100.0,201,0,5,0
21n23w,120.0,195,0,11,0
21n23w,13.0,104,0,102,0
21n23w,140.0,201,0,5,0
21n23w,180.0,201,0,5,0
21n23w,20.0,173,0,33,0
21n23w,300.0,176,0,30,0
21n23w,40.0,181,0,25,0
21n23w,60.0,193,0,13,0
21n23w,80.0,201,0,5,0
4n23w,1.0,185,135,33,82
4n23w,10.0,199,194,19,23
4n23w,100.0,204,0,14,0
4n23w,120.0,200,199,18,18
4n23w,13.0,115,0,103,0
4n23w,140.0,195,0,23,0
4n23w,180.0,210,0,8,0
4n23w,20.0,196,195,22,22
4n23w,300.0,198,0,20,0
4n23w,40.0,194,193,24,24
4n23w,60.0,192,187,26,30
4n23w,80.0,210,0,8,0
4n38w,1.0,164,150,141,142
4n38w,10.0,15,15,290,277
4n38w,100.0,202,0,103,0
4n38w,120.0,182,177,123,115
4n38w,140.0,207,0,98,0
4n38w,180.0,205,0,100,0
4n38w,20.0,170,150,135,142
4n38w,300.0,209,0,96,0
4n38w,40.0,155,113,150,179
4n38w,60.0,206,0,99,0
4n38w,80.0,192,0,113,0
5s10w,1.0,13,13,0,0
5s10w,120.0,13,11,0,2
5s10w,140.0,13,0,0,0
5s10w,180.0,11,0,2,0
5s10w,300.0,13,0,0,0
5s10w,40.0,13,0,0,0
5s10w,60.0,13,0,0,0
5s10w,80.0,13,0,0,0
6s10w,1.0,266,224,27,69
6s10w,10.0,65,65,228,228
6s10w,100.0,293,11,0,282
6s10w,120.0,269,262,24,31
6s10w,140.0,280,0,13,0
6s10w,180.0,291,0,2,0
6s10w,20.0,275,269,18,24
6s10w,300.0,281,0,12,0
6s10w,40.0,284,267,9,26
6s10w,5.0,28,28,265,265
6s10w,60.0,260,64,33,229
6s10w,80.0,275,11,18,282
8n38w,1.0,216,147,102,171
8n38w,100.0,233,0,85,0
8n38w,120.0,213,201,105,117
8n38w,140.0,236,0,82,0
8n38w,180.0,238,0,80,0
8n38w,20.0,214,176,104,142
8n38w,300.0,237,0,81,0
8n38w,40.0,205,178,113,140
8n38w,60.0,240,0,78,0
8n38w,80.0,225,0,93,0
8s30w,1.0,161,130,66,97
8s30w,10.0,14,14,213,213
8s30w,100.0,186,0,41,0
8s30w,120.0,175,173,52,54
8s30w,140.0,181,0,46,0
8s30w,180.0,182,0,45,0
8s30w,20.0,147,142,80,85
8s30w,300.0,197,0,30,0
8s30w,40.0,175,175,52,52
8s30w,60.0,187,0,40,0
8s30w,80.0,195,0,32,0
