figure_id,scientific_element,source_file,source_sha256,source_record_key,point_value_traceability,point_value_reproduction,notes
Figure 1,WOA23 SST context; PIRATA station coordinates,artifacts/figure1/figure1_woa23_sst_background.nc,138964B25C29152557C1DF073BA7B977E777469DCA08F6806BB809E68022F8ED,station registry + 80x120 WOA23 grid,EXACT,EXACT,WOA23 is context only; not a model input/baseline
Figure 2,temperature monthly availability,artifacts/native/station_depth_variable_coverage.csv,AE1D41FBD44314C3E9217D5D90731A4321E183F08221B412DDB836AB8693956E,station-depth-variable records,EXACT,EXACT,"availability display, no performance metric"
Figure 3,M1 workflow labels and stages,M1_FINAL_FREEZE.md; protocol evidence,NOT_SINGLE_FILE,random_mask_20pct and Stage I-III wording,FULL,N/A,conceptual workflow; point-value reproduction is not applicable and exact renderer is ambiguous
Figure 4,mask-aware STGNN v2 channels and graph flow,src/atlantic_ts/models/algorithm/mask_aware_stgnn_v2.py; M1_FINAL_FREEZE.md,NOT_SINGLE_FILE,architecture implementation,EXACT,EXACT,deterministic raster text cleanup only
Figure 5,M1 RMSE/R2 by four learned models and depth,Figure5_Final_Evidence_Summary.csv; Table 1,F372201867041FD848E7C37FBBB68D7F6ACD183C8A9EDCE687AE2539C18C51D0,32 frozen rows,EXACT,EXACT,"renderer identity unresolved, values exact"
Figure 6,representative M1 observed/masked/reconstructed records,Figure6_V2_Final_Plot_Data.csv; Figure6_V2_Final_Inference_Predictions.csv; Figure6_Final_Case_Mask.csv,NOT_SINGLE_FILE,case/mask/prediction records,EXACT,EXACT,panel-label refinement documented
Figure 7,M1 selected observed and Mask-aware STGNN v2 profiles,d4sync_figure6_case_predictions_3model.csv,81B283B269A6D65D9C3363B924AC6736C8B71DFE40E8202267D9E51D42650215,24 recovered current records,EXACT,EXACT,four-line historical/current two-line mapping unresolved
Figure 8,fixed-ablation RMSE/R2 curves,artifacts/paper/ablation_table.csv; Table4_ablation_final.xlsx; Figure7_Ablation_Evidence_Manifest.csv,1A6B0831C7A3ADDD6141C1380F42927181C3976AC694438DC437F3C78A948CE7,matched fixed-ablation rows,EXACT,EXACT,line-to-clean refinement is layout-only
Figure 9,M2 3/6/12-month gap examples and metrics,artifacts/algorithm/m2_continuous_gap/figure8_plotting_dataset.csv; M2_Final_V2_Metrics.csv; M2 manifests,37C8977DF2DFF4C5990FEB3D783A66B7D21AEA2F2ADD448C25258A6EB46050C8,"M2 targets, gaps, metrics",EXACT,EXACT,current M2 renderer lineage ambiguous
Figure S1,salinity monthly availability,artifacts/native/station_depth_variable_coverage.csv,AE1D41FBD44314C3E9217D5D90731A4321E183F08221B412DDB836AB8693956E,salinity station-depth records,EXACT,EXACT,v4 optimized renderer verified
Figure S2,M3 20S10W/0N3W observed and reconstructed series plus context,artifacts/paper/FINAL_FIGURE_CODE_PACKAGE/FigureS2/inputs/FigureS2_selected_timeseries.csv; figure1_woa23_sst_background.nc,C7E6AFFD36EC91CCF1A3714F859B67E01F85B4ACDBF718860C5287EEB579F23F,48 selected M3 rows + WOA23 context,EXACT,EXACT,historical Figure9/MS3 labels do not establish final chain
